id,tweetID,coordinates,hashtags
20997248,9.41378E+17,"1.34146797,52.66433465",thehatwasaprop
19437014,9.41378E+17,,Disappointed
3513942197,9.41378E+17,,Vamps10Days
578212982,9.41378E+17,"-0.17525278,51.26550674",golf
776537682,9.41378E+17,"-0.1157,51.5072",southbank
263595500,9.41378E+17,"-0.1699,50.95059",tryingideas
908280494,9.41378E+17,,Vamps10Days
184403468,9.41378E+17,,career
213780227,9.41378E+17,"-0.65,51.7833",santaclausiscomingtotown
907738676,9.41378E+17,,NetNuetrality
2974790121,9.41378E+17,,ChangingPlaces
1266803563,9.41378E+17,"-0.1271,51.5063",trndnl
1266803563,9.41378E+17,"-0.1271,51.5063",trndnl
190788533,9.41378E+17,,StarWars
18801001,9.41378E+17,"-0.1501085,51.51800227",christmastree
2800558308,9.41378E+17,,cookbook
118636236,9.41378E+17,,secretsanta
486884803,9.41378E+17,,perfectgift
310996034,9.41378E+17,,PDCWorldChampionships
2369263688,9.41378E+17,"1.7,52.7167",beautiful
184403468,9.41378E+17,,legal
7.24953E+17,9.41378E+17,,LearnDevelopLive
1345213452,9.41378E+17,,billericaytown
215441794,9.41378E+17,,SURVIVORALLSTARS
2308090698,9.41378E+17,"-0.30265012,51.41023474",Mum
1069092416,9.41378E+17,,kent
908280494,9.41378E+17,,Vamps10Days
21297911,9.41378E+17,,Win
3141415881,9.41378E+17,"-0.12731805,51.50711486",aerialstraps
908280494,9.41378E+17,,Vamps10Days
310996034,9.41378E+17,,PDCWorldChampionships
1370646288,9.41378E+17,,Iranian
101043069,9.41378E+17,"-0.1842681,51.5106478",wildberrymousse
259822683,9.41379E+17,,WhereIsMyDelivery
20242355,9.41379E+17,"-0.13353434,51.52817475",whataday
872527274,9.41379E+17,,Dublin
3076892038,9.41379E+17,,wifey
1958919168,9.41379E+17,,lovelivemusic
332306794,9.41379E+17,"-0.597466,51.315705",bliss
40177589,9.41379E+17,"-0.18230237,51.43530358",cascais
146031631,9.41379E+17,"-0.12731805,51.50711486",Christmas
22409966,9.41379E+17,,itstherules
360484543,9.41379E+17,,eustonstation
744358357,9.41379E+17,,tbt
1203570122,9.41379E+17,"-0.11741732,51.36006389",estateagents
143438261,9.41379E+17,"-0.30582918,51.41855832",christmas
2742852911,9.41379E+17,,maybot
265353419,9.41379E+17,,StarWarsTheLastJedi
1069092416,9.41379E+17,,inspiration
390728237,9.41386E+17,,charity
3834334557,9.41386E+17,,CoinsiliumGroup
1924489560,9.41386E+17,,SmokingIsCool
22508724,9.41386E+17,"-0.153433,51.5225215",ANTOR
1553513558,9.41386E+17,,Vodka
283612774,9.41386E+17,,Bedminster
7.19109E+17,9.41386E+17,,human
380861974,9.41386E+17,,OperationContinuum
4038348195,9.41386E+17,,hard
577045941,9.41386E+17,"-0.20336611,51.76402321",tbt
156940645,9.41386E+17,,ukwinehour
37958616,9.41386E+17,"-0.13991274,51.51291081",ChristmasinLondon
193730626,9.41386E+17,,Christmas
66081494,9.41386E+17,,nikepullstringbag
2668698951,9.41386E+17,,vamps10days
30052647,9.41386E+17,,FTW
329091015,9.41386E+17,"-0.10616627,51.52931312",matthewbourne
155727115,9.41386E+17,,SecretSanta
2912533259,9.41386E+17,,GOP
14060930,9.41386E+17,"-0.12269497,51.51198765",tb
27454380,9.41386E+17,"-0.1544,51.53555761",Flamingosat
8.96666E+17,9.41386E+17,,giveaway
16423336,9.41386E+17,,NetNeutrality
390177081,9.41386E+17,,festiveseason
1265370764,9.41386E+17,,backfromscotland
903112226,9.41386E+17,"-0.126236,51.500152",London
3513942197,9.41387E+17,,Vamps10Days
35501119,9.41387E+17,,clojure
56835073,9.41387E+17,,Manchester
416477640,9.41387E+17,,Homecare
36319126,9.41387E+17,,CSRinaction
278232813,9.41387E+17,,netneutrality
32257740,9.41387E+17,,DisneyFox
4857248303,9.41387E+17,,PhotoByManabat
250069808,9.41387E+17,"0.26057257,51.36004344",BrandsHatch
242900976,9.41387E+17,"-0.1433,51.541",london
773560896,9.41387E+17,,digitaloilfield
2591769673,9.41387E+17,"-0.39032,51.656489",Watford
8.27148E+17,9.41387E+17,,newpoint
7.52612E+17,9.41387E+17,,TheArchers
180063872,9.41387E+17,,crowdbacker
458470265,9.41387E+17,,WinterWarmer
43404609,9.41387E+17,,Baller
20703347,9.41387E+17,,BKChatLDN
754823755,9.41387E+17,,differentplanet
2606844808,9.41387E+17,,FBPE
173934921,9.41387E+17,"-0.12731805,51.50711486",2017bestnine
4802180973,9.41387E+17,,DailyUpdate
3834334557,9.41387E+17,,CoinsiliumGroup
2446432970,9.41387E+17,"-0.13117,51.5105",london
125285131,9.41387E+17,,redhot
2887358559,9.41387E+17,"-0.11666667,51.5",dobermanphoto
796405536,9.41387E+17,,believe
1596165133,9.41387E+17,,souledds
1262478660,9.41387E+17,,podiatry4prevention
1140156134,9.41387E+17,,christmas
192951380,9.41387E+17,,bewaawards
2844265798,9.41387E+17,,beeroclock
9.37717E+17,9.41387E+17,,Horror
235406708,9.41387E+17,,YaDevilsYa
1266803563,9.41387E+17,"-0.1271,51.5063",NetNeutrality
582685426,9.41387E+17,"0.13603351,51.45561769",tagaway
2324422680,9.41387E+17,"-0.55777778,51.33222222",UKWeather
456507721,9.41387E+17,,DISTINCTION
8.80886E+17,9.41387E+17,"-0.12731805,51.50711486",royal
84973160,9.41387E+17,,sharing
28378956,9.41388E+17,,Tory
593741888,9.41388E+17,,KenClarke
36658722,9.41388E+17,"-0.2046696,51.4760892",boomerang
718504086,9.41388E+17,"-0.08093348,51.51824345",London
463775286,9.41388E+17,,rezaletsiniz
284699541,9.41388E+17,,Scrooge
487825282,9.41388E+17,,London
527612615,9.41388E+17,"-0.12033863,51.503047",londres
701075008,9.41388E+17,,DieHard
72588786,9.41388E+17,,now
214476803,9.41388E+17,,GuardianLive
226757380,9.41388E+17,,noelgallagher
757473236,9.41388E+17,,Live
710262984,9.41388E+17,,YuleRock
7.06095E+17,9.41388E+17,,Vamps10Days
701075008,9.41388E+17,,DieHard
396848121,9.41388E+17,,Carbasaurus
1266803563,9.41388E+17,"-0.1271,51.5063",trndnl
1266803563,9.41388E+17,"-0.1271,51.5063",trndnl
229601385,9.41388E+17,,BI
15495009,9.41388E+17,,oneshow
14113643,9.41388E+17,"-0.14236315,51.49679078",hamilton
192951380,9.41388E+17,,bewaawards
291355936,9.41388E+17,"-0.12731805,51.50711486",crispsorchips
3619760723,9.41388E+17,,GuardianLive
33183091,9.41388E+17,"-0.14298007,51.53880652",tomodell
23294825,9.41388E+17,"-0.0833333,51.2667",rudolph
17044695,9.41388E+17,,Stepfamilies
19394491,9.41388E+17,,scalaEx
8.80886E+17,9.41388E+17,"-0.12731805,51.50711486",star
329877795,9.41388E+17,,kickingcancersbutt
908280494,9.41388E+17,,vamps10days
6532842,9.41388E+17,,ROHRigoletto
3019630941,9.41388E+17,,Dengineers
234891835,9.41388E+17,,MasterChefProfessionals
4261887017,9.41388E+17,,online
1396682912,9.41388E+17,,parentalengagement
16703652,9.41388E+17,,NetNeutrality
3364903505,9.41388E+17,"-0.5132792,51.40219055",throwbackthursday
624547343,9.41389E+17,,findrosie
865391754,9.41389E+17,,CommunitySpirit
355492432,9.41389E+17,"-0.1137553,51.4614624",makersgonnamake
3006133301,9.41389E+17,,TwitterSmarter
26076965,9.41389E+17,"-0.14236315,51.49679078",hamilton
45649240,9.41389E+17,"-0.14054775,51.51460499",dickwhittington
823518032,9.41389E+17,"0.75771332,52.92018494",christmaslights
618808414,9.41389E+17,,emirates
150595987,9.41389E+17,"-0.14686109,51.51288187",ChristmasParty
1396682912,9.41389E+17,,parentalengagement
829106341,9.41389E+17,"-0.14369167,51.51840833",beautyblender
70482533,9.41389E+17,"-0.12731805,51.50711486",tbt
7.40795E+17,9.41389E+17,,EmpireStrikesBack
351860420,9.41389E+17,,Classwar
8.03967E+17,9.41389E+17,"-0.1017576,51.5736854",red
8.9758E+17,9.41389E+17,"-0.0590729,51.5641339",neck
2250639853,9.41389E+17,"-0.1826487,51.4791511",halfpennies
413932751,9.41389E+17,"-0.11453367,51.50080669",yonaka
4026292697,9.41389E+17,"-0.08667134,51.50458232",bluehour
9.31994E+17,9.41389E+17,,Valencia
861519104,9.41389E+17,,Emmerdale
326509798,9.41389E+17,"-0.1036005,51.5365791",Christmas
49632069,9.41389E+17,,lovemyjob
26947801,9.41389E+17,,UniversalAtheists
3834334557,9.41389E+17,,startuptoken
356242342,9.41389E+17,,honey
288836057,9.41389E+17,,EPIC
61223380,9.41389E+17,,twitter
129654846,9.41389E+17,,TrustYourInstincts
457704099,9.41389E+17,,Protein
780933660,9.41389E+17,,TheApprentice
267082711,9.41389E+17,"-0.27090468,51.46079669",xmas
1100798840,9.41389E+17,,lloydsmarketawards
520643109,9.41389E+17,,artsjobs
1170128251,9.41389E+17,"-0.1271,51.5063",trndnl
1451036730,9.41389E+17,"-0.12731805,51.50711486",photography
9.37717E+17,9.41389E+17,,JamesBond
815653680,9.41389E+17,,WearYourHappy
35353130,9.41389E+17,"-0.23734742,51.75252396",uhanimemangasociety
33180087,9.41389E+17,"-0.15295833,51.51460499",christmasbaubles
156580208,9.41389E+17,,TheGreatestEver
908280494,9.41389E+17,,vamps10days
50638051,9.41389E+17,"-0.08262813,51.52508623",blonsteinbabes
47976884,9.41389E+17,,LBNLGPS
861519104,9.41389E+17,,Emmerdale
908280494,9.41389E+17,,vamps10days
143830571,9.41389E+17,,modernslavery
17030461,9.41389E+17,"-0.14509921,51.52111156",design
497145453,9.41389E+17,"-0.4324542,51.64318864",nowplaying
228466060,9.4139E+17,,thetyrannyofthesaquare
2716169345,9.4139E+17,"-0.1305734,51.5131565",workchristmasparty
2995724763,9.4139E+17,,SaaS
3084123082,9.4139E+17,,startrekeuphemisms
162068799,9.4139E+17,,frontrow
8.79762E+17,9.4139E+17,,Vamps10Days
7.86893E+17,9.4139E+17,,house
504849197,9.4139E+17,,emmerdale
15969062,9.4139E+17,"-0.12269497,51.51198765",xmas
178462941,9.4139E+17,"-0.12382842,51.53160105",TD30kv
114897563,9.4139E+17,"-0.12731805,51.50711486",dinnersuit
37885927,9.4139E+17,"-0.12731805,51.50711486",SUPERPOWER
515685176,9.4139E+17,"-0.12731805,51.50711486",London
72431972,9.4139E+17,"0.98694444,51.87472222",ukweather
2324422680,9.4139E+17,"-0.55777778,51.33222222",UKWeather
23307006,9.4139E+17,,excuses
312798259,9.4139E+17,,motorsport
2186918179,9.4139E+17,,T2D
7.86698E+17,9.4139E+17,,middlechildneglect
9.31994E+17,9.4139E+17,,FCBarcelona
50413346,9.4139E+17,"-0.0512846,51.52133565",starwars
1392709340,9.4139E+17,,Sarahah
2600547031,9.4139E+17,"-0.1537,51.499",peacocks
1585654375,9.4139E+17,,Epsom
7.43542E+17,9.4139E+17,,puzzle
20510937,9.4139E+17,"-0.13903401,51.5132889",throwbackthursday
2742852911,9.4139E+17,,C4News
28561363,9.4139E+17,"-0.13501,51.5183",cocktails
4038348195,9.4139E+17,,ukrunchat
618808414,9.4139E+17,,karachidiaries
319381700,9.4139E+17,"-0.12731805,51.50711486",equality
1488800480,9.4139E+17,,HarrodsHQ
318489159,9.4139E+17,,Cyprus
1375353132,9.4139E+17,,nofilter
8.59893E+17,9.4139E+17,"-0.12731805,51.50711486",Inmyzone
7.32903E+17,9.4139E+17,"-0.4777661,51.5483777",uxbridge
77550896,9.4139E+17,"-0.12731805,51.50711486",Disney
1377792704,9.41393E+17,"-0.15420556,51.50971737",christmas
8.85498E+17,9.41393E+17,,the
1467277022,9.41393E+17,,GrenfellMemorial
2599950504,9.41393E+17,,puresilk
1479110305,9.41393E+17,"-0.12731805,51.50711486",branding
4261887017,9.41393E+17,,followers
9.09081E+17,9.41393E+17,,kelseybelike
24756739,9.41393E+17,,asmr
17679616,9.41393E+17,,ghostsign
19710482,9.41393E+17,,ThankYouAndYou
597736361,9.41393E+17,"-0.12731805,51.50711486",chrismas
14498276,9.41393E+17,"-0.16393661,51.50671243",circus
560245935,9.41393E+17,,NewYear
486760877,9.41393E+17,"-0.187,51.599",fourseasonsgardencareservices
1339339033,9.41393E+17,,proud
2396188842,9.41393E+17,,Brexit
7.81539E+17,9.41394E+17,,larger
458359405,9.41394E+17,"-0.1516221,51.5151486",wine
1862291,9.41394E+17,,NetNeutality
7.74652E+17,9.41394E+17,,FiftyShsdesOfGrey
1978140049,9.41394E+17,"-0.11293491,51.50243087",waterloo
3024832023,9.41394E+17,,STRICTLY
525675118,9.41394E+17,,TempleWinterFestival
149091272,9.41394E+17,,EEEGR
201782193,9.41394E+17,,Prosecco
8.24638E+17,9.41394E+17,"-0.072139,51.543007",London
8.24638E+17,9.41394E+17,"-0.072139,51.543007",London
8.24638E+17,9.41394E+17,"-0.072139,51.543007",London
570693830,9.41394E+17,,Christmas
8.03306E+17,9.41394E+17,,TheVamps10Days
78748094,9.41394E+17,,BenzairBhutto
51854389,9.41394E+17,"-0.30463912,51.41160902",r2d2
8.24638E+17,9.41394E+17,"-0.072139,51.543007",London
8.24638E+17,9.41394E+17,"-0.072139,51.543007",London
2167835601,9.41394E+17,"-0.80273277,51.66637203",norwich
8.03306E+17,9.41394E+17,,Vamps10Days
15032921,9.41394E+17,,LoveTheDarts
2599950504,9.41394E+17,,puresilk
4261887017,9.41394E+17,,Vimto
8.24638E+17,9.41394E+17,"-0.061775,51.5488",London
908280494,9.41394E+17,,vamps10days
8.24638E+17,9.41394E+17,"-0.061775,51.5488",London
636905539,9.41394E+17,"-0.2043,51.5096",japan
2167109629,9.41394E+17,"-0.33923189,51.40409308",intoxicated
908280494,9.41394E+17,,vamps10days
577798681,9.41394E+17,,Prosecco
293698185,9.41394E+17,,darts
7.20204E+17,9.41394E+17,,Waterloo
169541851,9.41394E+17,"-0.1422268,51.4988249",christmas
603615474,9.41395E+17,"-0.13837799,51.5083293",christmas
111627567,9.41395E+17,"-0.19752296,51.4611278",guyswhoaudio
908280494,9.41395E+17,,vamps10days
2258598537,9.41395E+17,"-0.17808946,51.53224702",aerosolart
1286886230,9.41395E+17,,poll
603615474,9.41395E+17,"-0.13991274,51.51291081",christmas
56170960,9.41395E+17,,Yemen
436084325,9.41395E+17,,PDCWorldChampionships
7.24953E+17,9.41395E+17,,LearnDevelopLive
26232866,9.41395E+17,,maternelle
21511220,9.41395E+17,"-0.12731805,51.50711486",elephanttattoo
163482087,9.41395E+17,,SproutObsessed
49161733,9.41395E+17,,NYE
2324422680,9.41395E+17,"-0.55777778,51.33222222",UKWeather
7.79529E+17,9.41395E+17,,NetNeturality
21999264,9.41395E+17,"-0.12731805,51.50711486",weekendoffender
10722522,9.41395E+17,,OverIt
821501455,9.41395E+17,,fitlife
546788071,9.41395E+17,,crazycoqs
188662555,9.41395E+17,,FPL
2626054637,9.41395E+17,"-0.17357111,51.60389187",datenight
33271806,9.41395E+17,,Shop
8.29356E+17,9.41395E+17,,London
99179349,9.41395E+17,"0.0858728,51.537855",supercar
481575584,9.41395E+17,,Prince
7.79529E+17,9.41395E+17,,NetNeutrality
425853494,9.41395E+17,,MMZSurSkyrock
388365524,9.41395E+17,,ComeOut2Play
66368800,9.41395E+17,"-0.1518373,51.5169907",facebooklive
172669311,9.41395E+17,,shouldahita7iron
972395185,9.41395E+17,,ChristmasAtKew
2491107368,9.41395E+17,"0.6343835,52.657578",beepbeep
2932236411,9.41395E+17,,TJsHouseParty
272453854,9.41395E+17,,SJXMAS
3346832260,9.41395E+17,,StopTheCrash
3303789400,9.41395E+17,,vamps10days
7344572,9.41395E+17,,Brexit
3354046342,9.41395E+17,"-0.3250075,51.4247671",thanks
392954869,9.41395E+17,,ButcherSurgeon
56170960,9.41395E+17,,UK
4242597016,9.41395E+17,,TheAshes2017
17702137,9.41395E+17,,fcc
61760190,9.41396E+17,"-0.1828325,51.4950805",tbt
51678161,9.41396E+17,"-0.07532731,51.51552744",navidad
429489835,9.41396E+17,"-0.17633915,51.49602658",IceSkating
61444079,9.41396E+17,,f
238270567,9.41396E+17,,SoulMusic
211412557,9.41396E+17,,oceans8
341099744,9.41396E+17,"-0.1389367,51.5075459",Quaglino
220768977,9.41396E+17,,YuleRock
133781367,9.41396E+17,,Drone
119731445,9.41396E+17,"-0.07184565,51.51503898",christmas
21993050,9.41396E+17,,ntpinocchio
67045049,9.41396E+17,"-0.733333,50.9833",party
7.26516E+17,9.41396E+17,,ShadowgunLegends
2576904854,9.41396E+17,"-0.28173923,51.45146631",telegraphluxury
326346407,9.41396E+17,,humourlessfeminist
20937074,9.41396E+17,,AnkleFusion
267189998,9.41396E+17,"-0.44246994,51.37500851",party
2163708954,9.41396E+17,"-0.335114,51.438",divinomoves
882372372,9.41396E+17,"-0.072776,51.565399",royalresidentials
290511423,9.41396E+17,,PublicAffairsawards
84973160,9.41398E+17,,N16
19291485,9.41398E+17,,ScotBudget
7.13269E+17,9.41399E+17,"-0.08333333,51.53333333",wineinacan
7.78217E+17,9.41399E+17,,justacard
127021129,9.41399E+17,"-0.1182,51.5172",telling
4261887017,9.41726E+17,,TrumpResign
19708944,9.41726E+17,"-0.0925058,51.5023705",spizzfm
1912122409,9.41726E+17,,restorethat
1153613401,9.41726E+17,,damaged
68947115,9.41726E+17,"-0.12731805,51.50711486",friday
631986107,9.41726E+17,,RoastChickenWedding
263425576,9.41726E+17,"-0.10540009,51.50831509",in
77187168,9.41726E+17,,Santa
497145453,9.41726E+17,"-0.32962653,51.54901521",nowplaying
21437166,9.41726E+17,,TrueFact
86999547,9.41726E+17,,Millwall
9.11125E+17,9.41726E+17,"-0.0261826,51.475672",limitededition
27346547,9.41726E+17,,FixedWinnerShilpa
1530194803,9.41726E+17,,nagshead
8.19114E+17,9.41726E+17,"-0.5074,51.3902",robin
631986107,9.41726E+17,,RoastChickenWedding
82847019,9.41726E+17,"0.01749873,51.55667557",forestgate
8.60454E+17,9.41726E+17,,NowPlaying
127057663,9.41726E+17,,BrokenBritain
104282017,9.41726E+17,"-0.45910981,51.36243869",LoveABreakGlass
515697495,9.41727E+17,,luxuryescorts
920973530,9.41727E+17,"-0.12731805,51.50711486",tops
268679509,9.41727E+17,"-0.12731805,51.50711486",SkAir
4887019127,9.41727E+17,,ospreyflightsolutions
2411560652,9.41727E+17,,menu
38053583,9.41727E+17,"-0.1277583,51.5073509",job
102166046,9.41746E+17,,NaturalHistoryMuseum
19465734,9.41746E+17,"-0.12269497,51.51198765",hologram
66413368,9.41746E+17,,Christmaslights
2892693453,9.41746E+17,,HamiltonLDN
485965443,9.41746E+17,,APSPeshawar
115392994,9.41746E+17,,MerryChristmas
194295326,9.41746E+17,"-0.216667,51.2333",Christmas
7.52612E+17,9.41746E+17,,TheArchers
29239804,9.41746E+17,,PromoCd
16905592,9.41746E+17,,CheerAFilmUp
93408602,9.41746E+17,,PovetkinHammer
459369254,9.41746E+17,,StarWars
8.467E+17,9.41746E+17,,NewProfilePic
304511319,9.41746E+17,,antiquebooks
602571191,9.41746E+17,,StarWarsTheLasJedi
90365669,9.41746E+17,,RugbyWorks
306510279,9.41746E+17,"-0.209126,51.663093",UnitedKingdom
19717371,9.41746E+17,,marywhitehouse
19914308,9.41746E+17,"-0.12731805,51.50711486",ootd
37406776,9.41746E+17,,royalwedding
19148866,9.41746E+17,,ChristmasAtKew
169408043,9.41746E+17,"-0.3398173,51.416531",bushypark
2312005308,9.41746E+17,"-0.12731805,51.50711486",repost
2314682423,9.41746E+17,"-1.36943685,51.08240095",workxmasdoo
290753896,9.41746E+17,,NHS
112509659,9.41746E+17,,influencer
20320948,9.41746E+17,,StarsWars
745837662,9.41746E+17,,BAFC
4077204772,9.41746E+17,,techthehalls
328691793,9.41746E+17,"-0.1691828,51.15773315",free
23182191,9.41746E+17,,christmasjumperday
54354590,9.41746E+17,,LocalCharitiesDay
2226720453,9.41746E+17,,firework
16905592,9.41747E+17,,CheerAFilmUp
272577165,9.41747E+17,"-0.0005579,51.50307952",fridaynight
37406776,9.41747E+17,,beautiful
392547375,9.41747E+17,,MMR
2742852911,9.41747E+17,,C4News
232812097,9.41747E+17,"-0.012871,51.4613138",Moncler
210883893,9.41747E+17,,thearchers
17030483,9.41747E+17,"-0.2853215,51.4773388",christmasatkew
2312005308,9.41747E+17,"-0.12731805,51.50711486",FAYouthCup
3058620021,9.41747E+17,,StAlbans
290753896,9.41747E+17,,mydayinthreewords
437119787,9.41747E+17,"-0.0956266,51.5146823",mannequinchallenge
9.11011E+17,9.41747E+17,,StrictlyComeDancing
4002309269,9.41747E+17,,TechTheHalls2017
4067135835,9.41747E+17,,Enpleinair
7.52612E+17,9.41747E+17,,TheArchers
27227672,9.41747E+17,,buzzing
289525035,9.41747E+17,"-1.38333,50.6333",weddingday
223924363,9.41747E+17,,TheLastJedi
31500596,9.41747E+17,"-0.13991274,51.51291081",spiritofchristmas
81178060,9.41747E+17,"-0.6131,51.2372299",LosChavales
133291244,9.41747E+17,,HIV
1704694220,9.41747E+17,,Aladdin
2742852911,9.41747E+17,,C4News
434267722,9.41747E+17,"-0.16324997,51.50707303",ChristmasJumperDay
48284450,9.41747E+17,"-0.09222222,51.51583333",London
37406776,9.41747E+17,,Sexy
780933660,9.41747E+17,,LifeHacks
3418533635,9.4175E+17,"-0.12731805,51.50711486",workbitch
6040172,9.4175E+17,,AI
21184461,9.4175E+17,"0.00404687,51.50225706",blue
295687551,9.4175E+17,,ULSvHAR
2742852911,9.4175E+17,,C4News
1266803563,9.4175E+17,"-0.1271,51.5063",ItTakesTwo
518884427,9.4175E+17,"-0.142116,51.524792",UTC
183629586,9.4175E+17,"-0.1211722,51.5125198",Christmas
2342360797,9.4175E+17,"-0.12731805,51.50711486",brasileirosnomundo
411407932,9.4175E+17,,GrenfellTower
2324422680,9.4175E+17,"-0.55777778,51.33222222",UKWeather
1940066664,9.4175E+17,,Saintsfc
17679616,9.4175E+17,,ghostsigns
346777026,9.4175E+17,,Uberfail
218509522,9.4175E+17,"-0.11952202,51.50201933",singoutsisters
346777026,9.4175E+17,,Uberfail
720958267,9.4175E+17,,RitaSueandBobToo
224980830,9.4175E+17,,ItTakesTwo
201611823,9.4175E+17,"-0.12107491,51.51043853",london
313470422,9.4175E+17,"-1.11667,51.3333",fiance
210883893,9.4175E+17,,thearchers
417746978,9.4175E+17,"-0.11701486,51.50083443",privateawads17
270470306,9.4175E+17,"-0.16354889,51.42335663",LifeIsGood
2742852911,9.4175E+17,,C4News
3013527368,9.4175E+17,,FNF
16151622,9.4175E+17,"-0.12546267,51.53347688",officechristmasparty
8.73683E+17,9.4175E+17,"-0.07334251,51.5065533",towerhotel
115750549,9.4175E+17,,radio4
185263198,9.4175E+17,,Revival
27329763,9.4175E+17,,SophieSays
191893928,9.4175E+17,,FF
2725938270,9.4175E+17,,PrivateAwards17
584734052,9.4175E+17,,soldout
234951542,9.4175E+17,,BrexitBrain
1408040887,9.4175E+17,,LifeOfAPersonalTrainer
277204255,9.4175E+17,"-0.13796548,51.51337189",LazyOaf
148343850,9.4175E+17,,nowplaying
7.91748E+17,9.4175E+17,,PovetkinHammer
55548956,9.4175E+17,,awkwardfamily
211412557,9.41751E+17,,thesims
402690551,9.41751E+17,,T10
210883893,9.41751E+17,,thearchers
780933660,9.41751E+17,,BPD
3024832023,9.41751E+17,,competition
236107286,9.41751E+17,"-0.12731805,51.50711486",DickWhittington
718504086,9.41751E+17,"-0.08093348,51.51824345",London
18799504,9.41751E+17,"-0.1371902,51.5123348",pinkpalace
3698242157,9.41751E+17,,livemusic
7.78352E+17,9.41751E+17,,TellYourFriends
2750450555,9.41751E+17,,Hottoddy
8.82804E+17,9.41751E+17,,persistence
186765838,9.41751E+17,"1.25586,52.07438",christmasjumper
134826833,9.41751E+17,,OneDayLikeThis
50270244,9.41751E+17,"-0.13903401,51.5132889",pub
78863391,9.41802E+17,,LondonBridge
78897739,9.41802E+17,,sounddesign
3308122557,9.41802E+17,"0.009,51.47",OfficeDog
2160583518,9.41802E+17,,askmarz
226221719,9.41802E+17,"0.06597388,51.57550443",annyversary
2389617805,9.41802E+17,,THANKS
389494260,9.41802E+17,"-0.12731805,51.50711486",running
27346547,9.41802E+17,,Luvtyagi
8.82676E+17,9.41802E+17,,ImACeleb
351904105,9.41802E+17,,ichooselove
500229454,9.41802E+17,,WorldCupOfChristmasSongs
1611567763,9.41802E+17,,np
8.03525E+17,9.41802E+17,,Ishqbaaaz
533471861,9.41802E+17,,LegDay
508728624,9.41802E+17,,rag
68417037,9.41802E+17,,Trumpdick
425853494,9.41802E+17,,nda
2389617805,9.41802E+17,,THANKS
1023104305,9.41802E+17,,TheLastJedi
14243059,9.41802E+17,,TrumpDick
1590735876,9.41802E+17,,HawkerHouse
8180622,9.41802E+17,,thelastjedi
49110884,9.41802E+17,"-1.53333,51.8667",barbados2017
564530623,9.41802E+17,,TheLastJedi
236308497,9.41802E+17,"-0.13126731,51.49696169",indef
972138582,9.41802E+17,"-0.11741223,51.50595847",londonlife
2389617805,9.41802E+17,,THANKS
27346547,9.41802E+17,,priyankSharma
513610020,9.41803E+17,,WCOCS
8.74984E+17,9.41803E+17,,lookingpeopleintheeye
2324422680,9.41803E+17,"-0.55777778,51.33222222",UKWeather
14980425,9.41803E+17,"-0.14874,51.5428581",Christmas
17386303,9.41803E+17,"-0.14285378,51.50673414",Endomondo
18683028,9.41803E+17,"-0.130778,51.5135",Aladdin
291313109,9.41803E+17,,hcafc
1601444113,9.41803E+17,,REVIVAL
2389617805,9.41803E+17,,GOODMORNING
8.29356E+17,9.41803E+17,,London
340301392,9.41803E+17,"-0.12731805,51.50711486",schematherapy
6894982,9.41803E+17,,TheLastJedi
389494260,9.41803E+17,"-0.14089165,51.50160569",runner
533471861,9.41803E+17,,ThugLife
2742852911,9.41803E+17,,Newsnight
389494260,9.41803E+17,"-0.12731805,51.50711486",running
2389617805,9.41803E+17,,SATURDAYMorning
23056087,9.41803E+17,"-0.12731805,51.50711486",lifeofamua
2363887313,9.41803E+17,,aeroplane2
382690468,9.41803E+17,,Waimeadam
9.20345E+17,9.41803E+17,,jessicarabbit
193429313,9.41803E+17,,ShouldHaveBeenLeia
389494260,9.41803E+17,"-0.07558474,51.50514919",running
8283682,9.41803E+17,,Piccadilly_Circus
55800532,9.41803E+17,,Brexit
363564223,9.41803E+17,,welljeal
49431680,9.41803E+17,,ddp
234576079,9.41803E+17,"-0.14224146,51.508106",GiuseppeZanotti
544150139,9.41803E+17,"-0.076198,51.5082",festivefun
91737354,9.41803E+17,,UFC
408836292,9.41804E+17,,KivancTatlitug
2389617805,9.41804E+17,,GOODMORNING
114439829,9.41804E+17,,SteveSmith
1334380904,9.41822E+17,,yolo
2696489323,9.41822E+17,,AdultWork
308568081,9.41822E+17,,Cezanne
2389617805,9.41822E+17,,HAVE
711064733,9.41823E+17,,letthegamebegin
256014284,9.41823E+17,"-0.23,51.62",farm
878596621,9.41823E+17,,CheerAFilmUp
1624165190,9.41823E+17,,DHFC
237025317,9.41823E+17,"-0.12731805,51.50711486",man
69921786,9.41823E+17,,bitcoin
2324422680,9.41823E+17,"-0.55777778,51.33222222",UKWeather
2324422680,9.41913E+17,"-0.55777778,51.33222222",UKWeather
327792143,9.41914E+17,,i
526497760,9.41914E+17,,ConorMcGregor
2491107368,9.41914E+17,"-0.41898715,51.8202",beepbeep
2491107368,9.41914E+17,"-0.2055189,52.01301",beepbeep
2583879013,9.41914E+17,,MerryChristmas
491248953,9.41915E+17,,CONORMcGREGOR
99567059,9.41915E+17,,Ashes2017
85360360,9.41915E+17,,TheLastJedi
2209261433,9.41915E+17,"-0.05180955,51.55096523",tomato
878596621,9.41916E+17,,RuinLoveIn5Words
1266803563,9.41916E+17,"-0.1271,51.5063",R3CESS
2324422680,9.41916E+17,"-0.55777778,51.33222222",UKWeather
42671838,9.41916E+17,,JustSaying
7.98837E+17,9.41917E+17,"-0.13983965,51.50931401",Art
18916001,9.42087E+17,,MarkoArnautovic
753969769,9.42087E+17,,LEIvEXE
402985865,9.42087E+17,,Autistic
400651874,9.42087E+17,,STKWHU
2771015032,9.42087E+17,,StarWars
232382157,9.42087E+17,,WhuStk
273077008,9.42087E+17,,watfordfc
32346227,9.42087E+17,,Nativity
381114565,9.42087E+17,,dhfc
3978284789,9.42087E+17,"-0.03839714,51.37555498",swoopysfood
248337073,9.42087E+17,,Moyes
1266803563,9.42087E+17,"-0.1271,51.5063",LEICRY
1233613236,9.42087E+17,"-0.0778615,51.5292965",mygreatart
577245783,9.42087E+17,,flying
201354255,9.42087E+17,"-0.1157,51.5072",bright
14242755,9.42087E+17,,Obtuse
1589271271,9.42087E+17,,BBZ
123790755,9.42087E+17,,London
37406776,9.42087E+17,,Beautiful
2324422680,9.42087E+17,"-0.55777778,51.33222222",UKWeather
615414959,9.42087E+17,,AbsurdHarryPotterTitles
14242755,9.42087E+17,,Acute
2882067129,9.42087E+17,,ZSHQ
454476737,9.42087E+17,,COYS
51700999,9.42087E+17,,Boro
14242755,9.42087E+17,,rightangle
162121633,9.42087E+17,,SAFC
1606486105,9.42087E+17,,blogospherechristmasfestival
1233613236,9.42087E+17,"-0.0778615,51.5292965",mygreatart
23520818,9.42087E+17,,wafc
2510908782,9.42087E+17,,iamgoodluck
14242755,9.42087E+17,,obtuse
753969769,9.42087E+17,,WCOCC
705109043,9.42087E+17,"-0.10847324,51.55505155",e30
736262797,9.42087E+17,,coys
19723284,9.42087E+17,,LoveActually
1233613236,9.42087E+17,"-0.0778615,51.5292965",mygreatart
127057663,9.42087E+17,,NetNeutrality
3978284789,9.42087E+17,"-0.12731805,51.50711486",Swoopysfood
714852330,9.42087E+17,,CDC7words
1145767310,9.42087E+17,"-0.1075563,51.4632929",Christmas
3370965237,9.42087E+17,,gin
14911704,9.42087E+17,,ManOfTheMatch
1233613236,9.42087E+17,"-0.0778615,51.5292965",mygreatart
17306478,9.42087E+17,,chamonix
1266803563,9.42088E+17,"-0.1271,51.5063",MCITOT
202542728,9.42088E+17,,wafc
51700999,9.42088E+17,,Boro
51249280,9.42088E+17,"-0.12731805,51.50711486",stunning
1233613236,9.42088E+17,"-0.0778615,51.5292965",mygreatart
16782585,9.42088E+17,"0.00404687,51.50225706",petetongibizaclassics
3978284789,9.42088E+17,"-0.03839714,51.37555498",swoopysfood
420643180,9.42088E+17,"-0.12731805,51.50711486",mmhxphotography
47487601,9.42088E+17,"-0.41109,51.3294487",mincepies
1233613236,9.42088E+17,"-0.0778615,51.5292965",mygreatart
18916001,9.42088E+17,,MOTD
7.42088E+17,9.42088E+17,,twirl
84039004,9.42088E+17,"-0.12731805,51.50711486",AFCvNUFC
1676108461,9.42088E+17,,CHESOU
19985861,9.42088E+17,,NFFC
553915723,9.42088E+17,,ThisIsNotMyPortion
1233613236,9.42088E+17,"-0.0778615,51.5292965",mygreatart
219294652,9.42088E+17,,cancer
22211885,9.42088E+17,"-0.12731805,51.50711486",ILoveMyJob
2780440602,9.42088E+17,"-0.12058,51.5123127",lunch
22823851,9.42088E+17,,winterwonderland2017
2780440602,9.42088E+17,"-0.12058,51.5123127",lunch
721193849,9.42088E+17,"-0.11934735,51.50336478",londoneye
2623331849,9.42088E+17,,comingoutout
8.92317E+17,9.42088E+17,,COYG
1233613236,9.42088E+17,"-0.0778615,51.5292965",mygreatart
615414959,9.42088E+17,,AbsurdHarryPotterTitles
28838534,9.42088E+17,,shanghai
19501893,9.42088E+17,,bcafc
3007711771,9.42088E+17,"-0.12731805,51.50711486",london
300402787,9.42088E+17,,WestHam
57606154,9.42088E+17,,BHAFC
1233613236,9.42088E+17,"-0.0778615,51.5292965",mygreatart
164232099,9.42088E+17,"0.0775508,51.5595975",balenciaga
631876670,9.42088E+17,,WonderTheMovie
202542728,9.42088E+17,,wafc
20603449,9.42088E+17,"-0.078,51.526",boxpark
387866849,9.42088E+17,,Donald
1454031068,9.42088E+17,,itfc
570099076,9.42088E+17,,AFCvNUFC
3978284789,9.42088E+17,"-0.03839714,51.37555498",swoopysfood
382139732,9.42088E+17,"-0.41850054,51.6905557",Brighton
561025693,9.42088E+17,,homestart
507814230,9.42088E+17,,gills
2983263009,9.42089E+17,,dontcashout
444708600,9.42089E+17,,HippolytasHandmaiden
9.10769E+17,9.42089E+17,"-0.12731805,51.50711486",followforfollow
15495009,9.42089E+17,,Carnage
315779259,9.42089E+17,,BeckBromFL
281940682,9.42089E+17,,ValentinesDay
295302259,9.42089E+17,,COYS
1834246542,9.42089E+17,"-0.09036397,51.50559799",outwiththelads
23914505,9.42089E+17,,MCITOT
35773840,9.42089E+17,,anothercleansheet
17949485,9.42089E+17,,Arsenal
7.38768E+17,9.42089E+17,"-0.139998,51.4747",photo
50119264,9.42089E+17,,COYI
308492168,9.42089E+17,,StrictlyFinal
293698185,9.42089E+17,,StrictlyFinal
7.2424E+17,9.42089E+17,,NormalBehaviour
18916001,9.42089E+17,,Sakho
3304667800,9.42089E+17,"-0.14200444,51.51516406",caydesgrotto
232382157,9.42089E+17,,COYI
356347673,9.42089E+17,,mcfc
37406776,9.42089E+17,,QualityLady
2817867907,9.42139E+17,"-0.13418269,51.51002891",onthewave
29324819,9.42139E+17,,StrictlyFinal
3078206407,9.42139E+17,,KeepingItRealWithJoselynDumas
92860836,9.42139E+17,"-0.16393661,51.50671243",timeoftheyear
2172051050,9.42139E+17,,StaffieSaturday
29069900,9.42139E+17,,Strictly
4889919251,9.42139E+17,"0.1105215,51.03440533",entertaining
90440296,9.42139E+17,"-0.11453367,51.50080669",royalblood
24541511,9.42139E+17,,strictly
2180754104,9.42139E+17,,StrictlyFinal
1250254080,9.42139E+17,"-0.1494,51.4578",lobster
487906187,9.42139E+17,"-0.1101373,51.5335443",slowcooked
939831343,9.42139E+17,,premier15s
3291183964,9.42139E+17,,SharkTeam
19440559,9.42139E+17,"0.00404687,51.50225706",ibizaclassics
340380499,9.42139E+17,,Brexit
20458919,9.42139E+17,,night
25352763,9.42139E+17,"-0.1405471,51.5146299",yesitsabearchair
621860667,9.42139E+17,"0.0713,51.49418",xmastree
575236694,9.4214E+17,,BudgetTributeActs
7.58554E+17,9.4214E+17,,bloggerswanted
422062818,9.4214E+17,,Sambuca
3347467137,9.4214E+17,,reyoflight
1603158390,9.4214E+17,,TheLastJedi
1433166145,9.4214E+17,,stem
2324422680,9.4214E+17,"-0.55777778,51.33222222",UKWeather
105261155,9.4214E+17,,RPG
211412557,9.4214E+17,,scd
209306686,9.4214E+17,"0.0085756,51.51447",upattheo2
575236694,9.4214E+17,,BudgetTributeActs
878596621,9.4214E+17,,HowIDealWithABreakup
22520698,9.4214E+17,,strictlyfinal
497270081,9.4214E+17,,StrictlyFinaljoe
50398067,9.4214E+17,"-0.113,51.5029",TrainBeer
50638051,9.4214E+17,"0.72002624,51.73681897",nowords
402779974,9.4214E+17,"-0.0906061,51.4981067",nye
353912028,9.4214E+17,,feudbetteandjoan
54656377,9.4214E+17,,Feud
19229126,9.4214E+17,,baileys
2400167917,9.4214E+17,,Xmas
3321525291,9.4214E+17,,AndStill
575236694,9.4214E+17,,BudgetTributeActs
230688184,9.4214E+17,,Strictly
2742852911,9.4214E+17,,NowPlaying
1064070716,9.4214E+17,,1960s
68004065,9.4214E+17,,TheThickOfIt
460253736,9.4214E+17,,StrictlyComeDancing2017
36046599,9.4214E+17,,luckydevil
2389621105,9.42215E+17,,donate
123790755,9.42215E+17,,motd
41206885,9.42215E+17,"-0.08667134,51.50458232",cheers
32513519,9.42215E+17,"-0.1277583,51.5073509",job
2389617805,9.42215E+17,,GOODMORNING
21315494,9.42215E+17,"0.00404687,51.50225706",petetong
20603449,9.42215E+17,"-0.13342588,51.51270798",freedom
724028898,9.42215E+17,,like
497145453,9.42215E+17,"-0.16305269,51.49960344",nowplaying
724028898,9.42215E+17,,retweet
2389617805,9.42215E+17,,SUNDAYMorning
2324422680,9.42215E+17,"-0.55777778,51.33222222",UKWeather
724028898,9.42215E+17,,follow
2389617805,9.42215E+17,,GOODMORNING
724028898,9.42215E+17,,follow
21255461,9.42215E+17,"-0.12731805,51.50711486",London
724028898,9.42216E+17,,Follow
219294652,9.42216E+17,,homeless
112509659,9.42216E+17,,cryptocurrency
225337012,9.42216E+17,,BahHumbug
1056694566,9.42216E+17,"-0.19211281,51.48027183",london
8.76077E+17,9.42217E+17,"-0.21552622,51.51383779",GrenfellTower
2389617805,9.42217E+17,,GOOD
136192335,9.42307E+17,,Growupkid
8.76077E+17,9.42307E+17,"-0.21552622,51.51383779",JFGT
33864806,9.42307E+17,"-0.12731805,51.50711486",flamingomediapr
4874728941,9.42307E+17,"-0.42194063,51.334901",education
7766252,9.42307E+17,,GaudeteSunday
439544897,9.42308E+17,,MyTwitterAnniversary
33864806,9.42308E+17,"-0.12731805,51.50711486",flamingomediapr
1270514184,9.42308E+17,,GoForAWalk
1266803563,9.42308E+17,"-0.1271,51.5063",Top3Apps
55885950,9.42308E+17,,TheLastJedi
32662315,9.42308E+17,"-0.28228865,51.55817605",bikebikebike
175666723,9.42308E+17,,365hd
7.32205E+17,9.42308E+17,,RichardTheSqueakyReindeer
3207026913,9.42308E+17,"-0.14282227,51.45657411",teaching
3207026913,9.42308E+17,"-0.14282227,51.45657411",teaching
3207026913,9.42308E+17,"-0.14282227,51.45657411",teaching
3207026913,9.42308E+17,"-0.14282227,51.45657411",teaching
3207026913,9.42308E+17,"-0.14282227,51.45657411",teaching
3207026913,9.42308E+17,"-0.14282227,51.45657411",teaching
19672349,9.42308E+17,"0.00404687,51.50225706",missingBowie
3207026913,9.42308E+17,"-0.14282227,51.45657411",teaching
3207026913,9.42308E+17,"-0.14282227,51.45657411",teaching
3207026913,9.42308E+17,"-0.14282227,51.45657411",teaching
3207026913,9.42308E+17,"-0.14282227,51.45657411",teaching
305230049,9.42308E+17,,StarWarsTheLastJedi
8.66398E+17,9.42308E+17,,electronslibres
2324422680,9.42313E+17,"-0.55777778,51.33222222",UKWeather
3250932251,9.42314E+17,,Hambag
1869105294,9.42314E+17,,still
1266803563,9.42314E+17,"-0.1271,51.5063",SaundersLemieux
2299728396,9.42314E+17,,crowdfunding
299049925,9.42314E+17,,cabaret
160596529,9.42314E+17,"-0.008615,51.488127",thamespath
297329443,9.42314E+17,,Essex
2310308785,9.42314E+17,"-0.12731805,51.50711486",london
235902691,9.42314E+17,"-0.11741223,51.50595847",skateboarding
975823435,9.42314E+17,,Listen
1213590932,9.42314E+17,,coolcats
160596529,9.42314E+17,"0.0367,51.4977",thamesbarrier
3314554473,9.42314E+17,,tunbridgewells
1611472182,9.42314E+17,,TaxReform
27532043,9.42314E+17,,family
321909360,9.42314E+17,"-0.11741223,51.50595847",southbank
3354046342,9.42314E+17,"-0.2995,51.4103",fire
17535828,9.42315E+17,,warsaw
18425008,9.42315E+17,"-0.10179047,51.50360391",CARMEN
17736336,9.42315E+17,,Forthemanwhohaseverything
875259276,9.42333E+17,,marr
2312005308,9.42333E+17,"-0.12731805,51.50711486",repost
589156877,9.42333E+17,,Crepe
32428328,9.42333E+17,,VR
26869272,9.42333E+17,,afcwimbledon
86415165,9.42333E+17,,gift
87675068,9.42333E+17,,solidarity
6.98558E+17,9.42333E+17,,StopBrexitSaveBritain
393640929,9.42333E+17,"-0.05969,51.5076714",ChillyWhite
838319582,9.42333E+17,"-0.12731805,51.50711486",London
2927554381,9.42333E+17,,GaudeteSunday
89311658,9.42333E+17,"-0.09497166,51.50441518",mermaid
8708152,9.42333E+17,,bbcbh
20039475,9.42333E+17,"-0.1208456,51.5816002",Christmas
7.7132E+17,9.42333E+17,,sevenoaks
29410560,9.42333E+17,,MrsMaisel
189179824,9.42333E+17,"-0.080577,51.5438",pictureoftheday
2787974293,9.42333E+17,,auction
101712079,9.42333E+17,,NewGeneration
236842111,9.42333E+17,,just
404401437,9.42333E+17,"0.25027778,51.49972222",Thurr
7.15191E+17,9.42333E+17,"-0.1556596,51.5185718",yosmalondon
193241060,9.42333E+17,,referee
444889677,9.42333E+17,,statsgame
281940682,9.42333E+17,,Seventies
247330017,9.42334E+17,,NFL
393348562,9.42334E+17,,congratulations
2324422680,9.42334E+17,"-0.55777778,51.33222222",UKWeather
8.80886E+17,9.42334E+17,"-0.12731805,51.50711486",Christmas
72431972,9.42334E+17,"0.98694444,51.87472222",ukweather
2827419681,9.42334E+17,"0.35861111,51.63166667",weatherhutton
21869632,9.42334E+17,,andrewmarrshow
1109121559,9.42334E+17,,onwardsandupwards
292218525,9.42334E+17,"-0.05969,51.5076714",asoswinterfest
133860548,9.42334E+17,"-0.14615,51.94058",foggymorning
329631279,9.42334E+17,,Champagne
59109444,9.42334E+17,,rbnSFK
8.34908E+17,9.42334E+17,,sportspersonality
70811520,9.42334E+17,"-0.10374167,51.53496111",camdentown
2312005308,9.42334E+17,"-0.51777778,51.54805556",tnukmedia
7.89787E+17,9.42334E+17,,Marr
457444522,9.42334E+17,,FOAMed
62469990,9.42334E+17,,midwives
851724811,9.42334E+17,"-0.26412903,51.56422804",happy
48293890,9.42334E+17,,HillsongCarols
393248918,9.42334E+17,"-0.11476809,51.46525718",shedecember
3970727237,9.42334E+17,,persianstyle
292218525,9.42334E+17,"-0.05969,51.5076714",asoswinterfest
27521114,9.42334E+17,"-0.25,51.5",Christmas
217563718,9.42334E+17,"-0.1573,51.4793",Brighton
21021617,9.42335E+17,"-0.2215,51.9606",mud
183678205,9.42335E+17,,Ashes
43097836,9.42335E+17,,thearchers
1409901620,9.42335E+17,,Brexit
43097836,9.42335E+17,,thearchers
893975360,9.42335E+17,,deliciousness
292218525,9.42335E+17,"-0.05969,51.5076714",selfie
297843894,9.42335E+17,"0.00404687,51.50225706",petetong
41109216,9.42335E+17,,EU
241474719,9.42335E+17,"-0.11741223,51.50595847",SouthBank
205850379,9.42335E+17,"-0.3042,51.556",BarcardiBreezers
167452599,9.42335E+17,"-0.11714464,51.51106761",itsbeginningtolookalotlikechristmas
566704472,9.42335E+17,,Chanukah
753969769,9.42335E+17,,thearchers
391273903,9.42335E+17,,Rascals
321886382,9.42335E+17,,Chelsea
292218525,9.42335E+17,"-0.05969,51.5076714",asoswinterfest
6.98558E+17,9.42335E+17,,FBPE
2717081598,9.42335E+17,"-0.2189214,51.4613927",Putney
178073747,9.42335E+17,"-0.12731805,51.50711486",sun
586917892,9.42335E+17,,eatingdisorder
292218525,9.42335E+17,"-0.05969,51.5076714",asoswinterfest
18916001,9.42335E+17,,MickyFlanagan
19901917,9.42335E+17,,ChristmasatHTB
420933724,9.42335E+17,,ukrunchat
266230675,9.42335E+17,"-0.084,51.462",londonbus
21762842,9.42335E+17,"-0.193961,51.3614279",job
393248918,9.42335E+17,"-0.11476809,51.46525718",shedecember
560208222,9.42335E+17,,Harrypotterandthecursedchild
7.45231E+17,9.42335E+17,,xmasparty
776883258,9.42335E+17,,UKEdChat
131643283,9.42335E+17,,TrapGod3
1552776511,9.42335E+17,"0.10825,51.38368",motd
39270621,9.42336E+17,,PL
54363258,9.42336E+17,,photolab
282953839,9.42336E+17,,FL
299183606,9.42336E+17,,Fascism
7.45231E+17,9.42336E+17,,xmasparty
2442706642,9.42336E+17,,vrijheidvanmeningsuiting
19901917,9.42336E+17,,ChristmasatHTB
351217066,9.42336E+17,,PhotoGrid
795732787,9.42336E+17,"0.38225,52.23086111",xmasparty
16839099,9.42336E+17,,dogwagon
278017361,9.42336E+17,"0.63059143,51.78814126",Easy
416492838,9.42336E+17,,2017bestnine
211412557,9.42336E+17,,day17
8.75241E+17,9.42336E+17,,Christmas
7.96845E+17,9.42336E+17,,Sundays
61373264,9.42336E+17,,SouthAfrica
8.73962E+17,9.42336E+17,,CatsofTwitter
2324422680,9.42336E+17,"-0.55777778,51.33222222",UKWeather
22520698,9.42336E+17,,Brexit
37790887,9.42336E+17,,FarageOnLBC
6.98558E+17,9.42336E+17,,10minutesaday
62762270,9.42336E+17,,SundayMorning
15630454,9.42336E+17,,thearchers
836191008,9.42336E+17,"-0.08319,51.67082",kindly
28628645,9.42336E+17,,DMUPharmacy
278017361,9.42336E+17,"0.63075669,51.78802168",Dirty
108964710,9.42336E+17,,Chileans
6.98558E+17,9.42336E+17,,DontBuyTheDailyMail
930700526,9.42336E+17,,marr
2717081598,9.42336E+17,"-0.2189214,51.4613927",Putney
302461297,9.42346E+17,"-0.14786699,51.59080444",fleshandflour
234403080,9.42346E+17,"-0.01969,51.58593",cookwithcowman
216380285,9.42346E+17,,NewProfilePic
38053583,9.42346E+17,"-0.1277583,51.5073509",London
3429716650,9.42346E+17,,London
4220652148,9.42346E+17,"-1.04659796,51.63196369",beastmode
7.02039E+17,9.42346E+17,"-0.10048628,51.37165982",croydon
20904490,9.42346E+17,,experimentalwords
618055731,9.42346E+17,,sexist
381495645,9.42346E+17,,showtune
2324422680,9.42346E+17,"-0.55777778,51.33222222",UKWeather
8.81121E+17,9.42346E+17,,bakerlooisham
2752245001,9.42346E+17,"-0.1888,51.5543",kimchi
63133988,9.42346E+17,,thearchers
23014709,9.42346E+17,"-0.15679798,51.51359331",Hogwarts
8.29356E+17,9.42346E+17,,London
617330174,9.42346E+17,,AndStill
2436751692,9.42346E+17,"0.57581462,51.63670417",Nature
299572923,9.42346E+17,,WASPI
293698185,9.42346E+17,,vente
289235063,9.42346E+17,"-0.01565666,51.48057904",actorslife
129556894,9.42347E+17,,BetisBaloncesto
107649090,9.42347E+17,"-0.1277583,51.5073509",London
3261323925,9.42347E+17,,toppbox
532649079,9.42347E+17,,NewProfilePic
14220681,9.42347E+17,,ComeOnTheBoro
159158115,9.42347E+17,,lindasnell
19437014,9.41378E+17,,BackwardsDevelopment
578212982,9.41378E+17,"-0.17525278,51.26550674",3D
776537682,9.41378E+17,"-0.1157,51.5072",cctv
263595500,9.41378E+17,"-0.1699,50.95059",grooves
184403468,9.41378E+17,,international
213780227,9.41378E+17,"-0.65,51.7833",renniegrovehospicecare
18801001,9.41378E+17,"-0.1501085,51.51800227",magician
2800558308,9.41378E+17,,Christmas
486884803,9.41378E+17,,1920s
2369263688,9.41378E+17,"1.7,52.7167",snowbunting
184403468,9.41378E+17,,counsel
7.24953E+17,9.41378E+17,,Quotes
2308090698,9.41378E+17,"-0.30265012,51.41023474",dad
21297911,9.41378E+17,,dmf
101043069,9.41378E+17,"-0.1842681,51.5106478",homemade
332306794,9.41379E+17,"-0.597466,51.315705",son
40177589,9.41379E+17,"-0.18230237,51.43530358",portugal
146031631,9.41379E+17,"-0.12731805,51.50711486",Boat
22409966,9.41379E+17,,WeekInLondon
1203570122,9.41379E+17,"-0.11741732,51.36006389",croydon
2742852911,9.41379E+17,,DUP
265353419,9.41379E+17,,thelastjedi
390728237,9.41386E+17,,christmaswrapping
3834334557,9.41386E+17,,theminingmaven
22508724,9.41386E+17,"-0.153433,51.5225215",DominicanRepublic
283612774,9.41386E+17,,northstreetnights
193730626,9.41386E+17,,WorldDartsChampionship
329091015,9.41386E+17,"-0.10616627,51.52931312",cinderella
155727115,9.41386E+17,,Genie
2912533259,9.41386E+17,,SandyHook
14060930,9.41386E+17,"-0.12269497,51.51198765",xmasdecor
27454380,9.41386E+17,"-0.1544,51.53555761",ZSL
250069808,9.41387E+17,"0.26057257,51.36004344",RollandBowl
242900976,9.41387E+17,"-0.1433,51.541",antonionietoph
2591769673,9.41387E+17,"-0.39032,51.656489",BusinessMgmt
180063872,9.41387E+17,,skills
458470265,9.41387E+17,,ThursdayTune
2606844808,9.41387E+17,,hardbrexit
3834334557,9.41387E+17,,theminingmaven
2446432970,9.41387E+17,"-0.13117,51.5105",europe
125285131,9.41387E+17,,sportmax
2887358559,9.41387E+17,"-0.11666667,51.5",doberman
1140156134,9.41387E+17,,Hospice
9.37717E+17,9.41387E+17,,SNEAKYSTROBELIGHTS
1266803563,9.41387E+17,"-0.1271,51.5063",ScotBudget
582685426,9.41387E+17,"0.13603351,51.45561769",tagamate
456507721,9.41387E+17,,SoProud
8.80886E+17,9.41387E+17,"-0.12731805,51.50711486",icing
84973160,9.41387E+17,,waste
593741888,9.41388E+17,,nobrexit
36658722,9.41388E+17,"-0.2046696,51.4760892",whatgrey
487825282,9.41388E+17,,bermondsey
527612615,9.41388E+17,"-0.12033863,51.503047",londoneye
226757380,9.41388E+17,,oneshow
14113643,9.41388E+17,"-0.14236315,51.49679078",hamiltonlondon
23294825,9.41388E+17,"-0.0833333,51.2667",rudolphtherednosedreindeer
8.80886E+17,9.41388E+17,"-0.12731805,51.50711486",gingerbread
329877795,9.41388E+17,,michaelwhittacker
3364903505,9.41388E+17,"-0.5132792,51.40219055",tbt
865391754,9.41389E+17,,IslandGardens
26076965,9.41389E+17,"-0.14236315,51.49679078",london
45649240,9.41389E+17,"-0.14054775,51.51460499",panto
618808414,9.41389E+17,,Karachi
70482533,9.41389E+17,"-0.12731805,51.50711486",selfie
8.03967E+17,9.41389E+17,"-0.1017576,51.5736854",traffic
8.9758E+17,9.41389E+17,"-0.0590729,51.5641339",Ilford
2250639853,9.41389E+17,"-0.1826487,51.4791511",chelsearam
4026292697,9.41389E+17,"-0.08667134,51.50458232",sunset
9.31994E+17,9.41389E+17,,AtléticodeMadrid
861519104,9.41389E+17,,EvilEmma
326509798,9.41389E+17,"-0.1036005,51.5365791",jobandtalent
3834334557,9.41389E+17,,NEX_Exchange
356242342,9.41389E+17,,christmas
288836057,9.41389E+17,,STARWARS
129654846,9.41389E+17,,LoveLoveLove
457704099,9.41389E+17,,supplements
780933660,9.41389E+17,,shouldhaveputabetonit
1451036730,9.41389E+17,"-0.12731805,51.50711486",photographer
9.37717E+17,9.41389E+17,,Bond
33180087,9.41389E+17,"-0.15295833,51.51460499",christmas
50638051,9.41389E+17,"-0.08262813,51.52508623",xmas
47976884,9.41389E+17,,academies
17030461,9.41389E+17,"-0.14509921,51.52111156",development
162068799,9.4139E+17,,shakespeare
504849197,9.4139E+17,,whokilledemma
15969062,9.4139E+17,"-0.12269497,51.51198765",party
114897563,9.4139E+17,"-0.12731805,51.50711486",tuxedo
37885927,9.4139E+17,"-0.12731805,51.50711486",Confucius
515685176,9.4139E+17,"-0.12731805,51.50711486",westend
72431972,9.4139E+17,"0.98694444,51.87472222",weather
312798259,9.4139E+17,,F1
9.31994E+17,9.4139E+17,,RealMadrid
50413346,9.4139E+17,"-0.0512846,51.52133565",thelastjedi
2600547031,9.4139E+17,"-0.1537,51.499",luxury
1585654375,9.4139E+17,,Ewell
7.43542E+17,9.4139E+17,,riddle
2742852911,9.4139E+17,,GrenfellTower
618808414,9.4139E+17,,london
1375353132,9.4139E+17,,miselondýn
8.59893E+17,9.4139E+17,"-0.12731805,51.50711486",lookingcool
7.32903E+17,9.4139E+17,"-0.4777661,51.5483777",oreo
77550896,9.4139E+17,"-0.12731805,51.50711486",DisneylandParis25
1377792704,9.41393E+17,"-0.15420556,51.50971737",workdo
1467277022,9.41393E+17,,GrenfellNeverForget
2599950504,9.41393E+17,,snood
1479110305,9.41393E+17,"-0.12731805,51.50711486",brandtype
4261887017,9.41393E+17,,online
9.09081E+17,9.41393E+17,,LosAngeleslife
14498276,9.41393E+17,"-0.16393661,51.50671243",bezerk
560245935,9.41393E+17,,colour
486760877,9.41393E+17,"-0.187,51.599",hampstead
1339339033,9.41393E+17,,bestineveryone
7.81539E+17,9.41394E+17,,dalston
458359405,9.41394E+17,"-0.1516221,51.5151486",pannini
1978140049,9.41394E+17,"-0.11293491,51.50243087",xmastree
8.24638E+17,9.41394E+17,"-0.072139,51.543007",UnitedKingdom
8.24638E+17,9.41394E+17,"-0.072139,51.543007",UnitedKingdom
8.24638E+17,9.41394E+17,"-0.072139,51.543007",UnitedKingdom
51854389,9.41394E+17,"-0.30463912,51.41160902",starwars
8.24638E+17,9.41394E+17,"-0.072139,51.543007",UnitedKingdom
8.24638E+17,9.41394E+17,"-0.072139,51.543007",UnitedKingdom
2167835601,9.41394E+17,"-0.80273277,51.66637203",bradenham
15032921,9.41394E+17,,WorldDartsChampionship
2599950504,9.41394E+17,,snood
8.24638E+17,9.41394E+17,"-0.061775,51.5488",UnitedKingdom
8.24638E+17,9.41394E+17,"-0.061775,51.5488",UnitedKingdom
636905539,9.41394E+17,"-0.2043,51.5096",japanese
2167109629,9.41394E+17,"-0.33923189,51.40409308",freedom
577798681,9.41394E+17,,festivetreats
7.20204E+17,9.41394E+17,,networkrail
603615474,9.41395E+17,"-0.13837799,51.5083293",chocolate
2258598537,9.41395E+17,"-0.17808946,51.53224702",jodybristol
1286886230,9.41395E+17,,quiz
603615474,9.41395E+17,"-0.13991274,51.51291081",christmaslights
56170960,9.41395E+17,,EastAfrica
7.24953E+17,9.41395E+17,,Quotes
21511220,9.41395E+17,"-0.12731805,51.50711486",positivity
49161733,9.41395E+17,,sketchlondon
10722522,9.41395E+17,,NeedMyBed
2626054637,9.41395E+17,"-0.17357111,51.60389187",cinema
33271806,9.41395E+17,,MerryChristmas
8.29356E+17,9.41395E+17,,Knightsbridge
99179349,9.41395E+17,"0.0858728,51.537855",lamborghini
425853494,9.41395E+17,,NDA
3346832260,9.41395E+17,,ThatchamRsrch
3354046342,9.41395E+17,"-0.3250075,51.4247671",resilience
56170960,9.41395E+17,,UKaid
17702137,9.41395E+17,,killing
51678161,9.41396E+17,"-0.07532731,51.51552744",londres
429489835,9.41396E+17,"-0.17633915,51.49602658",Christmas
133781367,9.41396E+17,,audit
20937074,9.41396E+17,,ThisGirlWill
267189998,9.41396E+17,"-0.44246994,51.37500851",time
882372372,9.41396E+17,"-0.072776,51.565399",onebedroomflat
84973160,9.41398E+17,,E5
7.13269E+17,9.41399E+17,"-0.08333333,51.53333333",thirstythursday
127021129,9.41399E+17,"-0.1182,51.5172",OneLF
4261887017,9.41726E+17,,WorstPresidentInHistory
19708944,9.41726E+17,"-0.0925058,51.5023705",episode12
68947115,9.41726E+17,"-0.12731805,51.50711486",hairy
77187168,9.41726E+17,,tatebritain
1530194803,9.41726E+17,,weekend
8.19114E+17,9.41726E+17,"-0.5074,51.3902",bird
82847019,9.41726E+17,"0.01749873,51.55667557",beer
104282017,9.41726E+17,"-0.45910981,51.36243869",Brunch
515697495,9.41727E+17,,Internationalescorts
920973530,9.41727E+17,"-0.12731805,51.50711486",graffiti
4887019127,9.41727E+17,,EmeraldMedia
2411560652,9.41727E+17,,beermenu
38053583,9.41727E+17,"-0.1277583,51.5073509",London
102166046,9.41746E+17,,london
19465734,9.41746E+17,"-0.12269497,51.51198765",christmaswindow
115392994,9.41746E+17,,peace
194295326,9.41746E+17,"-0.216667,51.2333",ChristmasTree
29239804,9.41746E+17,,SalaOn
93408602,9.41746E+17,,AnthonyJoshua
459369254,9.41746E+17,,PorgFan
8.467E+17,9.41746E+17,,persiangoddess
304511319,9.41746E+17,,bitsandbobs
602571191,9.41746E+17,,starwars
90365669,9.41746E+17,,GuinnessWorldRecord
306510279,9.41746E+17,"-0.209126,51.663093",Golf
2312005308,9.41746E+17,"-0.12731805,51.50711486",TariqUwakwe
290753896,9.41746E+17,,MerryXmasNHS
20320948,9.41746E+17,,TheLastJedi
328691793,9.41746E+17,"-0.1691828,51.15773315",freedom
2226720453,9.41746E+17,,ice
392547375,9.41747E+17,,Prevention
2742852911,9.41747E+17,,drugs
232812097,9.41747E+17,"-0.012871,51.4613138",Prada
17030483,9.41747E+17,"-0.2853215,51.4773388",kew
437119787,9.41747E+17,"-0.0956266,51.5146823",babes
27227672,9.41747E+17,,proud
289525035,9.41747E+17,"-1.38333,50.6333",wedding
31500596,9.41747E+17,"-0.13991274,51.51291081",regentstreet
81178060,9.41747E+17,"-0.6131,51.2372299",presha
1704694220,9.41747E+17,,Jack
2742852911,9.41747E+17,,brum
434267722,9.41747E+17,"-0.16324997,51.50707303",XmasJumperDay
48284450,9.41747E+17,"-0.09222222,51.51583333",building
37406776,9.41747E+17,,up
6040172,9.4175E+17,,marketers
2742852911,9.4175E+17,,eu
1266803563,9.4175E+17,"-0.1271,51.5063",CheerAFilmUp
218509522,9.4175E+17,"-0.11952202,51.50201933",music
201611823,9.4175E+17,"-0.12107491,51.51043853",agent
313470422,9.4175E+17,"-1.11667,51.3333",love
417746978,9.4175E+17,"-0.11701486,51.50083443",lovelygorgeouspeople
270470306,9.4175E+17,"-0.16354889,51.42335663",IDanceMyWay
3013527368,9.4175E+17,,COYM
16151622,9.4175E+17,"-0.12546267,51.53347688",tistheseason
8.73683E+17,9.4175E+17,"-0.07334251,51.5065533",xmas
191893928,9.4175E+17,,panto
584734052,9.4175E+17,,ChristmasCameEarly
234951542,9.4175E+17,,BaaahHumbug
277204255,9.4175E+17,"-0.13796548,51.51337189",Grotty
236107286,9.41751E+17,"-0.12731805,51.50711486",londonpalladium
18799504,9.41751E+17,"-0.1371902,51.5123348",artdeco
3698242157,9.41751E+17,,greenwich
2750450555,9.41751E+17,,earlynight
8.82804E+17,9.41751E+17,,peterpanmentality
186765838,9.41751E+17,"1.25586,52.07438",sparetreat
50270244,9.41751E+17,"-0.13903401,51.5132889",London
78863391,9.41802E+17,,underground
78897739,9.41802E+17,,radio
3308122557,9.41802E+17,"0.009,51.47",shihtzu
226221719,9.41802E+17,"0.06597388,51.57550443",dj
2389617805,9.41802E+17,,GOOD
27346547,9.41802E+17,,fixedwinnershilpa
351904105,9.41802E+17,,compassion
1611567763,9.41802E+17,,SoundCloud
2389617805,9.41802E+17,,GOOD
1023104305,9.41802E+17,,TheForceAwakens
236308497,9.41802E+17,"-0.13126731,51.49696169",ispe
972138582,9.41802E+17,"-0.11741223,51.50595847",christmasmarket
2389617805,9.41802E+17,,HAPPYSATURDAY
27346547,9.41802E+17,,fixedwinnershilpa
8.74984E+17,9.41803E+17,,london
14980425,9.41803E+17,"-0.14874,51.5428581",xmas
17386303,9.41803E+17,"-0.14285378,51.50673414",endorphins
18683028,9.41803E+17,"-0.130778,51.5135",PrinceEdwardTheatre
2389617805,9.41803E+17,,HAPPYSATURDAY
8.29356E+17,9.41803E+17,,Fitzrovia
340301392,9.41803E+17,"-0.12731805,51.50711486",mind
389494260,9.41803E+17,"-0.14089165,51.50160569",run
389494260,9.41803E+17,"-0.12731805,51.50711486",nike
2389617805,9.41803E+17,,HAVE
23056087,9.41803E+17,"-0.12731805,51.50711486",broken
9.20345E+17,9.41803E+17,,bettyboop
193429313,9.41803E+17,,TheLastJedi
55800532,9.41803E+17,,EU
544150139,9.41803E+17,"-0.076198,51.5082",iceskating
91737354,9.41803E+17,,MMA
408836292,9.41804E+17,,TubaBüyüküstün
2389617805,9.41804E+17,,WISHING
114439829,9.41804E+17,,JoeRoot
2389617805,9.41822E+17,,JUST
256014284,9.41823E+17,"-0.23,51.62",peace
1624165190,9.41823E+17,,UpTheHamlet
237025317,9.41823E+17,"-0.12731805,51.50711486",guy
327792143,9.41914E+17,,am
526497760,9.41914E+17,,UFC3
2583879013,9.41914E+17,,ComeUnderOurUmbrella
491248953,9.41915E+17,,londonislovinit
2209261433,9.41915E+17,"-0.05180955,51.55096523",paprika
1266803563,9.41916E+17,"-0.1271,51.5063",overnightwatch
381114565,9.42087E+17,,fillchampionhill
248337073,9.42087E+17,,Hodgson
1266803563,9.42087E+17,"-0.1271,51.5063",CHESOU
37406776,9.42087E+17,,sexy
1233613236,9.42087E+17,"-0.0778615,51.5292965",greatart
705109043,9.42087E+17,"-0.10847324,51.55505155",e36
1233613236,9.42087E+17,"-0.0778615,51.5292965",greatart
714852330,9.42087E+17,,cdcbannedwords
1145767310,9.42087E+17,"-0.1075563,51.4632929",Tools
14911704,9.42087E+17,,WHU
1233613236,9.42087E+17,"-0.0778615,51.5292965",greatart
17306478,9.42087E+17,,snow
1266803563,9.42088E+17,"-0.1271,51.5063",trndnl
51249280,9.42088E+17,"-0.12731805,51.50711486",LiLiPearl
1233613236,9.42088E+17,"-0.0778615,51.5292965",greatart
16782585,9.42088E+17,"0.00404687,51.50225706",petetong
3978284789,9.42088E+17,"-0.03839714,51.37555498",swoopysfoodhall
420643180,9.42088E+17,"-0.12731805,51.50711486",pixelperfect
47487601,9.42088E+17,"-0.41109,51.3294487",vegan
1233613236,9.42088E+17,"-0.0778615,51.5292965",greatart
7.42088E+17,9.42088E+17,,dropthemic
1233613236,9.42088E+17,"-0.0778615,51.5292965",greatart
219294652,9.42088E+17,,writer
22211885,9.42088E+17,"-0.12731805,51.50711486",Sages17
2780440602,9.42088E+17,"-0.12058,51.5123127",italianfood
2780440602,9.42088E+17,"-0.12058,51.5123127",italianfood
1233613236,9.42088E+17,"-0.0778615,51.5292965",greatart
3007711771,9.42088E+17,"-0.12731805,51.50711486",chowchow
300402787,9.42088E+17,,Disco
1233613236,9.42088E+17,"-0.0778615,51.5292965",greatart
20603449,9.42088E+17,"-0.078,51.526",spitalfieldsmarket
561025693,9.42088E+17,,HappyCustomer
9.10769E+17,9.42089E+17,"-0.12731805,51.50711486",likeforlike
315779259,9.42089E+17,,Beckenham
295302259,9.42089E+17,,THFC
35773840,9.42089E+17,,NoBottomThree
18916001,9.42089E+17,,StokeCity
37406776,9.42089E+17,,LoveSiobhan
92860836,9.42139E+17,"-0.16393661,51.50671243",herewegoagain
90440296,9.42139E+17,"-0.11453367,51.50080669",houseofvanslondon
1250254080,9.42139E+17,"-0.1494,51.4578",mango
487906187,9.42139E+17,"-0.1101373,51.5335443",pork
939831343,9.42139E+17,,rugby
340380499,9.42139E+17,,marr
20458919,9.42139E+17,,lights
621860667,9.42139E+17,"0.0713,51.49418",realtree
3347467137,9.4214E+17,,dipa
1603158390,9.4214E+17,,StarWarsTheLastJedi
1433166145,9.4214E+17,,enrichment
209306686,9.4214E+17,"0.0085756,51.51447",selfie
402779974,9.4214E+17,"-0.0906061,51.4981067",stiegel
54656377,9.4214E+17,,BetteAndJoan
230688184,9.4214E+17,,StrictlyFinal
2742852911,9.4214E+17,,LDN
1064070716,9.4214E+17,,Leyland
123790755,9.42215E+17,,London
41206885,9.42215E+17,"-0.08667134,51.50458232",thegreen
2389617805,9.42215E+17,,HappySunday
21315494,9.42215E+17,"0.00404687,51.50225706",ibizaclassics
20603449,9.42215E+17,"-0.13342588,51.51270798",freedombar
2389617805,9.42215E+17,,HAVE
2389617805,9.42215E+17,,WISHING
21255461,9.42215E+17,"-0.12731805,51.50711486",Christmas
112509659,9.42216E+17,,bitcoin
1056694566,9.42216E+17,"-0.19211281,51.48027183",edm
8.76077E+17,9.42217E+17,"-0.21552622,51.51383779",JFGT
2389617805,9.42217E+17,,SUNDAY
33864806,9.42307E+17,"-0.12731805,51.50711486",dixiejos
4874728941,9.42307E+17,"-0.42194063,51.334901",tutors
1270514184,9.42308E+17,,DoBiggerThings
55885950,9.42308E+17,,StarWars
32662315,9.42308E+17,"-0.28228865,51.55817605",Repost
3207026913,9.42308E+17,"-0.14282227,51.45657411",edchat
3207026913,9.42308E+17,"-0.14282227,51.45657411",edchat
3207026913,9.42308E+17,"-0.14282227,51.45657411",edchat
3207026913,9.42308E+17,"-0.14282227,51.45657411",edchat
3207026913,9.42308E+17,"-0.14282227,51.45657411",edchat
3207026913,9.42308E+17,"-0.14282227,51.45657411",edchat
3207026913,9.42308E+17,"-0.14282227,51.45657411",edchat
3207026913,9.42308E+17,"-0.14282227,51.45657411",edchat
3207026913,9.42308E+17,"-0.14282227,51.45657411",edchat
3207026913,9.42308E+17,"-0.14282227,51.45657411",edchat
305230049,9.42308E+17,,Chichester
1266803563,9.42314E+17,"-0.1271,51.5063",SundayMorning
299049925,9.42314E+17,,MorningService
160596529,9.42314E+17,"-0.008615,51.488127",londontown
2310308785,9.42314E+17,"-0.12731805,51.50711486",almostessential
160596529,9.42314E+17,"0.0367,51.4977",thamespath
1611472182,9.42314E+17,,RenewableEnergy
27532043,9.42314E+17,,greatness
321909360,9.42314E+17,"-0.11741223,51.50595847",editjuhaszceramics
3354046342,9.42314E+17,"-0.2995,51.4103",chimney
17535828,9.42315E+17,,warsawa
18425008,9.42315E+17,"-0.10179047,51.50360391",UnionTheatre
17736336,9.42315E+17,,hardtobuyfor
32428328,9.42333E+17,,oops
86415165,9.42333E+17,,Christmas
838319582,9.42333E+17,"-0.12731805,51.50711486",life
89311658,9.42333E+17,"-0.09497166,51.50441518",beer
20039475,9.42333E+17,"-0.1208456,51.5816002",cards
7.7132E+17,9.42333E+17,,Christmasshopping
189179824,9.42333E+17,"-0.080577,51.5438",cards
2787974293,9.42333E+17,,Sunday
101712079,9.42333E+17,,ToryRenewal
236842111,9.42333E+17,,been
444889677,9.42333E+17,,playbetter
281940682,9.42333E+17,,Mini
393348562,9.42334E+17,,LadyGaga
8.80886E+17,9.42334E+17,"-0.12731805,51.50711486",starwars
72431972,9.42334E+17,"0.98694444,51.87472222",weather
2827419681,9.42334E+17,"0.35861111,51.63166667",essex
133860548,9.42334E+17,"-0.14615,51.94058",nodrinksonthebeach
329631279,9.42334E+17,,truffles
70811520,9.42334E+17,"-0.10374167,51.53496111",camdenmarket
457444522,9.42334E+17,,FOAMsim
62469990,9.42334E+17,,bjm
3970727237,9.42334E+17,,persiandance
217563718,9.42334E+17,"-0.1573,51.4793",train
21021617,9.42335E+17,"-0.2215,51.9606",muddy
893975360,9.42335E+17,,cinnamonrolls
292218525,9.42335E+17,"-0.05969,51.5076714",asoswinterfest
297843894,9.42335E+17,"0.00404687,51.50225706",ibizaclassics
241474719,9.42335E+17,"-0.11741223,51.50595847",London
167452599,9.42335E+17,"-0.11714464,51.51106761",lovelondon
6.98558E+17,9.42335E+17,,StopBrexit
2717081598,9.42335E+17,"-0.2189214,51.4613927",christmasshopping
178073747,9.42335E+17,"-0.12731805,51.50711486",sunrise
420933724,9.42335E+17,,marathontraining
266230675,9.42335E+17,"-0.084,51.462",eastdulwich
21762842,9.42335E+17,"-0.193961,51.3614279",Healthcare
560208222,9.42335E+17,,keepthesecrets
1552776511,9.42335E+17,"0.10825,51.38368",duties
282953839,9.42336E+17,,djlifestyle
2442706642,9.42336E+17,,idioot
351217066,9.42336E+17,,grangecityhotel
795732787,9.42336E+17,"0.38225,52.23086111",photgraphicevidence
278017361,9.42336E+17,"0.63059143,51.78814126",MCFC
7.96845E+17,9.42336E+17,,Prosecco
61373264,9.42336E+17,,Zuma
6.98558E+17,9.42336E+17,,StopBrexitSaveBritain
836191008,9.42336E+17,"-0.08319,51.67082",follow
6.98558E+17,9.42336E+17,,DontBuytheSun
2717081598,9.42336E+17,"-0.2189214,51.4613927",christmasshopping
302461297,9.42346E+17,"-0.14786699,51.59080444",books
38053583,9.42346E+17,"-0.1277583,51.5073509",job
3429716650,9.42346E+17,,Calendar
4220652148,9.42346E+17,"-1.04659796,51.63196369",prechristmas
7.02039E+17,9.42346E+17,"-0.10048628,51.37165982",games
381495645,9.42346E+17,,AdventCalendar
8.81121E+17,9.42346E+17,,fakemorleys
2752245001,9.42346E+17,"-0.1888,51.5543",eatenalive
23014709,9.42346E+17,"-0.15679798,51.51359331",Primark
8.29356E+17,9.42346E+17,,Knightsbridge
293698185,9.42346E+17,,spafey
289235063,9.42346E+17,"-0.01565666,51.48057904",actors
107649090,9.42347E+17,"-0.1277583,51.5073509",job
3261323925,9.42347E+17,,subscriptionbox
532649079,9.42347E+17,,seedifferently
578212982,9.41378E+17,"-0.17525278,51.26550674",biomechanics
776537682,9.41378E+17,"-0.1157,51.5072",eyeinthewall
263595500,9.41378E+17,"-0.1699,50.95059",drummer
184403468,9.41378E+17,,benefits
213780227,9.41378E+17,"-0.65,51.7833",renniegrove
18801001,9.41378E+17,"-0.1501085,51.51800227",party
486884803,9.41378E+17,,1930s
2369263688,9.41378E+17,"1.7,52.7167",beach
184403468,9.41378E+17,,Job
7.24953E+17,9.41378E+17,,quote
2308090698,9.41378E+17,"-0.30265012,51.41023474",play
21297911,9.41378E+17,,rum
101043069,9.41378E+17,"-0.1842681,51.5106478",chantillycream
332306794,9.41379E+17,"-0.597466,51.315705",classicalmusic
40177589,9.41379E+17,"-0.18230237,51.43530358",travel
146031631,9.41379E+17,"-0.12731805,51.50711486",Canal
1203570122,9.41379E+17,"-0.11741732,51.36006389",ukproperty
390728237,9.41386E+17,,Christmas
3834334557,9.41386E+17,,tokensales
22508724,9.41386E+17,"-0.153433,51.5225215",ChristmasParty
329091015,9.41386E+17,"-0.10616627,51.52931312",ballet
155727115,9.41386E+17,,Naughty
2912533259,9.41386E+17,,Aurora
27454380,9.41386E+17,"-0.1544,51.53555761",LondonZoo
250069808,9.41387E+17,"0.26057257,51.36004344",SlotCar
242900976,9.41387E+17,"-0.1433,51.541",tube
2591769673,9.41387E+17,"-0.39032,51.656489",Veterans
458470265,9.41387E+17,,BestOfBritishAwards
2446432970,9.41387E+17,"-0.13117,51.5105",trip
125285131,9.41387E+17,,maxmara
1140156134,9.41387E+17,,Remembering
1266803563,9.41387E+17,"-0.1271,51.5063",SantasAutobiographyTitle
582685426,9.41387E+17,"0.13603351,51.45561769",roguemenswear
8.80886E+17,9.41387E+17,"-0.12731805,51.50711486",star
593741888,9.41388E+17,,NoFuckingWay
36658722,9.41388E+17,"-0.2046696,51.4760892",santascoming
487825282,9.41388E+17,,TheCulturedGentleman
527612615,9.41388E+17,"-0.12033863,51.503047",dreamcity
14113643,9.41388E+17,"-0.14236315,51.49679078",london
23294825,9.41388E+17,"-0.0833333,51.2667",christmasvibes
8.80886E+17,9.41388E+17,"-0.12731805,51.50711486",cookies
45649240,9.41389E+17,"-0.14054775,51.51460499",pressnight
70482533,9.41389E+17,"-0.12731805,51.50711486",dub
8.03967E+17,9.41389E+17,"-0.1017576,51.5736854",life
2250639853,9.41389E+17,"-0.1826487,51.4791511",sillyseason
4026292697,9.41389E+17,"-0.08667134,51.50458232",london
3834334557,9.41389E+17,,CoinsiliumGroup
457704099,9.41389E+17,,gym
114897563,9.4139E+17,"-0.12731805,51.50711486",midnightvelvet
515685176,9.4139E+17,"-0.12731805,51.50711486",angels
2600547031,9.4139E+17,"-0.1537,51.499",designer
1585654375,9.4139E+17,,U3A
7.43542E+17,9.4139E+17,,escape
618808414,9.4139E+17,,karachi
8.59893E+17,9.4139E+17,"-0.12731805,51.50711486",pictime
7.32903E+17,9.4139E+17,"-0.4777661,51.5483777",freakshake
77550896,9.4139E+17,"-0.12731805,51.50711486",Disneyworld
1377792704,9.41393E+17,"-0.15420556,51.50971737",party
2599950504,9.41393E+17,,vintage
1479110305,9.41393E+17,"-0.12731805,51.50711486",logotype
14498276,9.41393E+17,"-0.16393661,51.50671243",london
560245935,9.41393E+17,,UltraViolet
486760877,9.41393E+17,"-0.187,51.599",cutback
8.24638E+17,9.41394E+17,"-0.072139,51.543007",zerowaste
8.24638E+17,9.41394E+17,"-0.072139,51.543007",zerowaste
8.24638E+17,9.41394E+17,"-0.072139,51.543007",zerowaste
51854389,9.41394E+17,"-0.30463912,51.41160902",thelastjedi
8.24638E+17,9.41394E+17,"-0.072139,51.543007",zerowaste
8.24638E+17,9.41394E+17,"-0.072139,51.543007",zerowaste
2167835601,9.41394E+17,"-0.80273277,51.66637203",Repost
2599950504,9.41394E+17,,vintage
8.24638E+17,9.41394E+17,"-0.061775,51.5488",foodwaste
8.24638E+17,9.41394E+17,"-0.061775,51.5488",foodwaste
636905539,9.41394E+17,"-0.2043,51.5096",japanesefood
2167109629,9.41394E+17,"-0.33923189,51.40409308",cycling
577798681,9.41394E+17,,christmas
2258598537,9.41395E+17,"-0.17808946,51.53224702",jodyartist
1286886230,9.41395E+17,,christmas
56170960,9.41395E+17,,Rohingya
7.24953E+17,9.41395E+17,,quote
21511220,9.41395E+17,"-0.12731805,51.50711486",knowyourworth
10722522,9.41395E+17,,WishICouldSleepOnPlanes
2626054637,9.41395E+17,"-0.17357111,51.60389187",starswars
33271806,9.41395E+17,,onlineshopping
8.29356E+17,9.41395E+17,,SW3
3354046342,9.41395E+17,"-0.3250075,51.4247671",courage
56170960,9.41395E+17,,Together
17702137,9.41395E+17,,NetNeutrality
51678161,9.41396E+17,"-0.07532731,51.51552744",christmas
429489835,9.41396E+17,"-0.17633915,51.49602658",December
133781367,9.41396E+17,,stocktake
882372372,9.41396E+17,"-0.072776,51.565399",lettings
127021129,9.41399E+17,"-0.1182,51.5172",teamdays
68947115,9.41726E+17,"-0.12731805,51.50711486",hairymen
77187168,9.41726E+17,,London
1530194803,9.41726E+17,,Friday
8.19114E+17,9.41726E+17,"-0.5074,51.3902",winter
82847019,9.41726E+17,"0.01749873,51.55667557",prettydecentbeerco
515697495,9.41727E+17,,Celebrity
920973530,9.41727E+17,"-0.12731805,51.50711486",streetphotography
4887019127,9.41727E+17,,aviationsecurity
2411560652,9.41727E+17,,london
38053583,9.41727E+17,"-0.1277583,51.5073509",Hiring
102166046,9.41746E+17,,christmas
19465734,9.41746E+17,"-0.12269497,51.51198765",bespoke
194295326,9.41746E+17,"-0.216667,51.2333",ItsChristmas
29239804,9.41746E+17,,Seville
8.467E+17,9.41746E+17,,persianbabe
304511319,9.41746E+17,,Threads
602571191,9.41746E+17,,theforceisstrong
2742852911,9.41747E+17,,homelessness
232812097,9.41747E+17,"-0.012871,51.4613138",CrepSelect
17030483,9.41747E+17,"-0.2853215,51.4773388",christmaslights
437119787,9.41747E+17,"-0.0956266,51.5146823",christmasparty
289525035,9.41747E+17,"-1.38333,50.6333",weddingdress
31500596,9.41747E+17,"-0.13991274,51.51291081",london
434267722,9.41747E+17,"-0.16324997,51.50707303",ChristmasJumpers
48284450,9.41747E+17,"-0.09222222,51.51583333",cityoflondon
1266803563,9.4175E+17,"-0.1271,51.5063",Bellator191
218509522,9.4175E+17,"-0.11952202,51.50201933",singers
201611823,9.4175E+17,"-0.12107491,51.51043853",christmas
313470422,9.4175E+17,"-1.11667,51.3333",couple
417746978,9.4175E+17,"-0.11701486,51.50083443",glam
270470306,9.4175E+17,"-0.16354889,51.42335663",VettiSattai
8.73683E+17,9.4175E+17,"-0.07334251,51.5065533",work
191893928,9.4175E+17,,RobinHood
236107286,9.41751E+17,"-0.12731805,51.50711486",PizzaExprees
18799504,9.41751E+17,"-0.1371902,51.5123348",bobbobricard
2750450555,9.41751E+17,,feellikecrap
8.82804E+17,9.41751E+17,,youthquake
186765838,9.41751E+17,"1.25586,52.07438",lovemysister
78863391,9.41802E+17,,special
78897739,9.41802E+17,,sonidos
226221719,9.41802E+17,"0.06597388,51.57550443",djontour
2389617805,9.41802E+17,,HAVE
351904105,9.41802E+17,,kindness
2389617805,9.41802E+17,,HAVE
236308497,9.41802E+17,"-0.13126731,51.49696169",london
972138582,9.41802E+17,"-0.11741223,51.50595847",macncheese
2389617805,9.41802E+17,,HAVE
14980425,9.41803E+17,"-0.14874,51.5428581",xmaslights
2389617805,9.41803E+17,,KEEP
8.29356E+17,9.41803E+17,,W1W
340301392,9.41803E+17,"-0.12731805,51.50711486",thhp
389494260,9.41803E+17,"-0.14089165,51.50160569",walking
389494260,9.41803E+17,"-0.12731805,51.50711486",ukrunchat
2389617805,9.41803E+17,,BE
23056087,9.41803E+17,"-0.12731805,51.50711486",palette
9.20345E+17,9.41803E+17,,artelfi
544150139,9.41803E+17,"-0.076198,51.5082",toweroflondon
408836292,9.41804E+17,,CesurveGüzel
2389617805,9.41804E+17,,STAY
114439829,9.41804E+17,,TheAshes
2389617805,9.41822E+17,,STAY
256014284,9.41823E+17,"-0.23,51.62",festive
237025317,9.41823E+17,"-0.12731805,51.50711486",guyswithlonghair
327792143,9.41914E+17,,the
526497760,9.41914E+17,,Xboxone
2209261433,9.41915E+17,"-0.05180955,51.55096523",sourdough
1266803563,9.41916E+17,"-0.1271,51.5063",24HoursinEoE
1266803563,9.42087E+17,"-0.1271,51.5063",LEIvEXE
37406776,9.42087E+17,,desirable
1233613236,9.42087E+17,"-0.0778615,51.5292965",coolitart
1233613236,9.42087E+17,"-0.0778615,51.5292965",coolitart
714852330,9.42087E+17,,Science
1233613236,9.42087E+17,"-0.0778615,51.5292965",coolitart
51249280,9.42088E+17,"-0.12731805,51.50711486",depop
1233613236,9.42088E+17,"-0.0778615,51.5292965",coolitart
16782585,9.42088E+17,"0.00404687,51.50225706",session
47487601,9.42088E+17,"-0.41109,51.3294487",tasty
1233613236,9.42088E+17,"-0.0778615,51.5292965",coolitart
7.42088E+17,9.42088E+17,,dab
1233613236,9.42088E+17,"-0.0778615,51.5292965",coolitart
219294652,9.42088E+17,,3D
2780440602,9.42088E+17,"-0.12058,51.5123127",best
2780440602,9.42088E+17,"-0.12058,51.5123127",best
1233613236,9.42088E+17,"-0.0778615,51.5292965",coolitart
3007711771,9.42088E+17,"-0.12731805,51.50711486",accordion
300402787,9.42088E+17,,EarthWindAndFire
1233613236,9.42088E+17,"-0.0778615,51.5292965",coolitart
20603449,9.42088E+17,"-0.078,51.526",shoreditchhouse
9.10769E+17,9.42089E+17,"-0.12731805,51.50711486",like4like
35773840,9.42089E+17,,MarkNobleScores
92860836,9.42139E+17,"-0.16393661,51.50671243",winterwonderland
1250254080,9.42139E+17,"-0.1494,51.4578",love
487906187,9.42139E+17,"-0.1101373,51.5335443",shoulder
340380499,9.42139E+17,,peston
20458919,9.42139E+17,,Stowe
621860667,9.42139E+17,"0.0713,51.49418",homesweethome
3347467137,9.4214E+17,,starwars
1603158390,9.4214E+17,,StarWars
209306686,9.4214E+17,"0.0085756,51.51447",london
402779974,9.4214E+17,"-0.0906061,51.4981067",se1
54656377,9.4214E+17,,TeamBette
1064070716,9.4214E+17,,Transporter
41206885,9.42215E+17,"-0.08667134,51.50458232",theblue
2389617805,9.42215E+17,,KEEP
21315494,9.42215E+17,"0.00404687,51.50225706",o2
20603449,9.42215E+17,"-0.13342588,51.51270798",london
2389617805,9.42215E+17,,BE
2389617805,9.42215E+17,,STAY
21255461,9.42215E+17,"-0.12731805,51.50711486",car
1056694566,9.42216E+17,"-0.19211281,51.48027183",djlife
2389617805,9.42217E+17,,17TH
33864806,9.42307E+17,"-0.12731805,51.50711486",lifestyblogger
4874728941,9.42307E+17,"-0.42194063,51.334901",exams
55885950,9.42308E+17,,scifi
32662315,9.42308E+17,"-0.28228865,51.55817605",QAL
3207026913,9.42308E+17,"-0.14282227,51.45657411",Teaching
3207026913,9.42308E+17,"-0.14282227,51.45657411",Teaching
3207026913,9.42308E+17,"-0.14282227,51.45657411",Teaching
3207026913,9.42308E+17,"-0.14282227,51.45657411",Teaching
3207026913,9.42308E+17,"-0.14282227,51.45657411",Teaching
3207026913,9.42308E+17,"-0.14282227,51.45657411",Teaching
3207026913,9.42308E+17,"-0.14282227,51.45657411",Teaching
3207026913,9.42308E+17,"-0.14282227,51.45657411",Teaching
3207026913,9.42308E+17,"-0.14282227,51.45657411",Teaching
3207026913,9.42308E+17,"-0.14282227,51.45657411",Teaching
1266803563,9.42314E+17,"-0.1271,51.5063",StrictlyFinal
160596529,9.42314E+17,"-0.008615,51.488127",londonlife
2310308785,9.42314E+17,"-0.12731805,51.50711486",sharingiscaring
160596529,9.42314E+17,"0.0367,51.4977",londontown
1611472182,9.42314E+17,,cleanenergy
27532043,9.42314E+17,,kevincadle
321909360,9.42314E+17,"-0.11741223,51.50595847",editjuhasz
3354046342,9.42314E+17,"-0.2995,51.4103",warm
17535828,9.42315E+17,,poland
18425008,9.42315E+17,"-0.10179047,51.50360391",OffWestEnd
17736336,9.42315E+17,,ataloss
86415165,9.42333E+17,,primrosehill
838319582,9.42333E+17,"-0.12731805,51.50711486",instagood
20039475,9.42333E+17,"-0.1208456,51.5816002",nadeliklowen
7.7132E+17,9.42333E+17,,kent
189179824,9.42333E+17,"-0.080577,51.5438",handlettering
2787974293,9.42333E+17,,antique
236842111,9.42333E+17,,shaven
393348562,9.42334E+17,,engagement
329631279,9.42334E+17,,SantaFir
70811520,9.42334E+17,"-0.10374167,51.53496111",hat
217563718,9.42334E+17,"-0.1573,51.4793",railroad
21021617,9.42335E+17,"-0.2215,51.9606",dirty
297843894,9.42335E+17,"0.00404687,51.50225706",heritageorchestra
241474719,9.42335E+17,"-0.11741223,51.50595847",Underbelly
2717081598,9.42335E+17,"-0.2189214,51.4613927",lunch
178073747,9.42335E+17,"-0.12731805,51.50711486",sunshine
420933724,9.42335E+17,,manchestermarathon
266230675,9.42335E+17,"-0.084,51.462",lordshiplane
21762842,9.42335E+17,"-0.193961,51.3614279",Sutton
282953839,9.42336E+17,,party
2442706642,9.42336E+17,,artikel10EVRM
351217066,9.42336E+17,,toweroflondon
61373264,9.42336E+17,,FamilyAffair
6.98558E+17,9.42336E+17,,stopbrexitmisconduct
836191008,9.42336E+17,"-0.08319,51.67082",publicist
2717081598,9.42336E+17,"-0.2189214,51.4613927",lunch
302461297,9.42346E+17,"-0.14786699,51.59080444",bookstagram
4220652148,9.42346E+17,"-1.04659796,51.63196369",12daysofchristmas
8.81121E+17,9.42346E+17,,morleysorless
2752245001,9.42346E+17,"-0.1888,51.5543",fermented
23014709,9.42346E+17,"-0.15679798,51.51359331",inlove
8.29356E+17,9.42346E+17,,SW1X
293698185,9.42346E+17,,RotterdamDerby
289235063,9.42346E+17,"-0.01565666,51.48057904",actor
3261323925,9.42347E+17,,groomingbox
578212982,9.41378E+17,"-0.17525278,51.26550674",callaway
213780227,9.41378E+17,"-0.65,51.7833",ibelieve
18801001,9.41378E+17,"-0.1501085,51.51800227",christmasparty
486884803,9.41378E+17,,GreatAmericanSongbook
2369263688,9.41378E+17,"1.7,52.7167",wintertononsea
7.24953E+17,9.41378E+17,,Motivation
2308090698,9.41378E+17,"-0.30265012,51.41023474",fun
101043069,9.41378E+17,"-0.1842681,51.5106478",blackberrycompote
332306794,9.41379E+17,"-0.597466,51.315705",beethoven9
40177589,9.41379E+17,"-0.18230237,51.43530358",holiday
146031631,9.41379E+17,"-0.12731805,51.50711486",Ice
1203570122,9.41379E+17,"-0.11741732,51.36006389",realestate
390728237,9.41386E+17,,fundraising
22508724,9.41386E+17,"-0.153433,51.5225215",ChristmasJumper
155727115,9.41386E+17,,Nice
2912533259,9.41386E+17,,Orlando
250069808,9.41387E+17,"0.26057257,51.36004344",teambigfun
242900976,9.41387E+17,"-0.1433,51.541",underground
2591769673,9.41387E+17,"-0.39032,51.656489",Job
458470265,9.41387E+17,,BIGLOVE
2446432970,9.41387E+17,"-0.13117,51.5105",mmstore
125285131,9.41387E+17,,bondstreet
1266803563,9.41387E+17,"-0.1271,51.5063",Vamps10Days
8.80886E+17,9.41387E+17,"-0.12731805,51.50711486",gingerbread
14113643,9.41388E+17,"-0.14236315,51.49679078",theatre
23294825,9.41388E+17,"-0.0833333,51.2667",reindeer
45649240,9.41389E+17,"-0.14054775,51.51460499",greatshow
8.03967E+17,9.41389E+17,"-0.1017576,51.5736854",security
4026292697,9.41389E+17,"-0.08667134,51.50458232",twilight
3834334557,9.41389E+17,,ICOs
457704099,9.41389E+17,,fitfam
114897563,9.4139E+17,"-0.12731805,51.50711486",velvet
515685176,9.4139E+17,"-0.12731805,51.50711486",earlymorning
2600547031,9.4139E+17,"-0.1537,51.499",style
7.43542E+17,9.4139E+17,,escapegame
8.59893E+17,9.4139E+17,"-0.12731805,51.50711486",like4like
77550896,9.4139E+17,"-0.12731805,51.50711486",childhooddreams
1377792704,9.41393E+17,"-0.15420556,51.50971737",tartan
2599950504,9.41393E+17,,kimono
1479110305,9.41393E+17,"-0.12731805,51.50711486",logodesign
14498276,9.41393E+17,"-0.16393661,51.50671243",winter
560245935,9.41393E+17,,Greenery
486760877,9.41393E+17,"-0.187,51.599",treeremoval
8.24638E+17,9.41394E+17,"-0.072139,51.543007",free
8.24638E+17,9.41394E+17,"-0.072139,51.543007",free
8.24638E+17,9.41394E+17,"-0.072139,51.543007",free
51854389,9.41394E+17,"-0.30463912,51.41160902",astromech
8.24638E+17,9.41394E+17,"-0.072139,51.543007",free
8.24638E+17,9.41394E+17,"-0.072139,51.543007",free
2599950504,9.41394E+17,,kimono
8.24638E+17,9.41394E+17,"-0.061775,51.5488",free
8.24638E+17,9.41394E+17,"-0.061775,51.5488",free
636905539,9.41394E+17,"-0.2043,51.5096",japanesecooking
2167109629,9.41394E+17,"-0.33923189,51.40409308",cold
577798681,9.41394E+17,,cabaret
2258598537,9.41395E+17,"-0.17808946,51.53224702",jodyart
7.24953E+17,9.41395E+17,,Motivation
21511220,9.41395E+17,"-0.12731805,51.50711486",shineyourlight
2626054637,9.41395E+17,"-0.17357111,51.60389187",thelastjedi
8.29356E+17,9.41395E+17,,takeaway
3354046342,9.41395E+17,"-0.3250075,51.4247671",determination
51678161,9.41396E+17,"-0.07532731,51.51552744",london
882372372,9.41396E+17,"-0.072776,51.565399",tolet
127021129,9.41399E+17,"-0.1182,51.5172",leadership
68947115,9.41726E+17,"-0.12731805,51.50711486",scruff
77187168,9.41726E+17,,Christmas
1530194803,9.41726E+17,,angel
8.19114E+17,9.41726E+17,"-0.5074,51.3902",wildlife
920973530,9.41727E+17,"-0.12731805,51.50711486",streetphotography_london
2411560652,9.41727E+17,,todaysmenu
38053583,9.41727E+17,"-0.1277583,51.5073509",CareerArc
304511319,9.41746E+17,,popup
602571191,9.41746E+17,,yeahbaby
31500596,9.41747E+17,"-0.13991274,51.51291081",christmas
1266803563,9.4175E+17,"-0.1271,51.5063",BTXmas
201611823,9.4175E+17,"-0.12107491,51.51043853",hotelchocolat
313470422,9.4175E+17,"-1.11667,51.3333",fave
417746978,9.4175E+17,"-0.11701486,51.50083443",fingerscrossed
270470306,9.4175E+17,"-0.16354889,51.42335663",TamilSwag
8.73683E+17,9.4175E+17,"-0.07334251,51.5065533",views
191893928,9.4175E+17,,SpiritOfSherwood
236107286,9.41751E+17,"-0.12731805,51.50711486",phantoncast
18799504,9.41751E+17,"-0.1371902,51.5123348",xmaspartyfortwo
226221719,9.41802E+17,"0.06597388,51.57550443",amazingnight
2389617805,9.41802E+17,,STAY
236308497,9.41802E+17,"-0.13126731,51.49696169",indonesiaembassy
972138582,9.41802E+17,"-0.11741223,51.50595847",southbank
2389617805,9.41802E+17,,STAY
2389617805,9.41803E+17,,THANKS
8.29356E+17,9.41803E+17,,takeaways
340301392,9.41803E+17,"-0.12731805,51.50711486",iam
2389617805,9.41803E+17,,HOPE
23056087,9.41803E+17,"-0.12731805,51.50711486",rescue
9.20345E+17,9.41803E+17,,drawing
544150139,9.41803E+17,"-0.076198,51.5082",mulledwine
256014284,9.41823E+17,"-0.23,51.62",winter
237025317,9.41823E+17,"-0.12731805,51.50711486",darkhair
327792143,9.41914E+17,,best
2209261433,9.41915E+17,"-0.05180955,51.55096523",charlesbread
1266803563,9.41916E+17,"-0.1271,51.5063",ChristmasJumperDay
1266803563,9.42087E+17,"-0.1271,51.5063",WATHUD
1233613236,9.42087E+17,"-0.0778615,51.5292965",freeworkshop
1233613236,9.42087E+17,"-0.0778615,51.5292965",freeworkshop
714852330,9.42087E+17,,scicomm
51249280,9.42088E+17,"-0.12731805,51.50711486",silkfred
1233613236,9.42088E+17,"-0.0778615,51.5292965",freeworkshop
47487601,9.42088E+17,"-0.41109,51.3294487",texture
1233613236,9.42088E+17,"-0.0778615,51.5292965",freeworkshop
7.42088E+17,9.42088E+17,,nephew
1233613236,9.42088E+17,"-0.0778615,51.5292965",freeworkshop
2780440602,9.42088E+17,"-0.12058,51.5123127",food
2780440602,9.42088E+17,"-0.12058,51.5123127",food
1233613236,9.42088E+17,"-0.0778615,51.5292965",freeworkshop
3007711771,9.42088E+17,"-0.12731805,51.50711486",busker
1233613236,9.42088E+17,"-0.0778615,51.5292965",freeworkshop
20603449,9.42088E+17,"-0.078,51.526",london
9.10769E+17,9.42089E+17,"-0.12731805,51.50711486",followers
1250254080,9.42139E+17,"-0.1494,51.4578",chefmaui
487906187,9.42139E+17,"-0.1101373,51.5335443",roti
20458919,9.42139E+17,,Pool
621860667,9.42139E+17,"0.0713,51.49418",soontobe3
3347467137,9.4214E+17,,viii
209306686,9.4214E+17,"0.0085756,51.51447",winter
402779974,9.4214E+17,"-0.0906061,51.4981067",boroughmarket
1064070716,9.4214E+17,,LandRover
2389617805,9.42215E+17,,THANKS
21315494,9.42215E+17,"0.00404687,51.50225706",london
2389617805,9.42215E+17,,HOPE
21255461,9.42215E+17,"-0.12731805,51.50711486",interior
33864806,9.42307E+17,"-0.12731805,51.50711486",haveagraciousheart
4874728941,9.42307E+17,"-0.42194063,51.334901",blog
55885950,9.42308E+17,,StarWarsTheLastJedi
32662315,9.42308E+17,"-0.28228865,51.55817605",QALLondon
1266803563,9.42314E+17,"-0.1271,51.5063",MCITOT
160596529,9.42314E+17,"-0.008615,51.488127",photooftheday
2310308785,9.42314E+17,"-0.12731805,51.50711486",bestservices
160596529,9.42314E+17,"0.0367,51.4977",londonlife
27532043,9.42314E+17,,greatness
3354046342,9.42314E+17,"-0.2995,51.4103",keepwarm
18425008,9.42315E+17,"-0.10179047,51.50360391",Musical
17736336,9.42315E+17,,whattogethim
838319582,9.42333E+17,"-0.12731805,51.50711486",instadaily
20039475,9.42333E+17,"-0.1208456,51.5816002",merrychristmas
7.7132E+17,9.42333E+17,,knit
2787974293,9.42333E+17,,furniture
236842111,9.42333E+17,,for
393348562,9.42334E+17,,tiztheseason
70811520,9.42334E+17,"-0.10374167,51.53496111",madhatter
217563718,9.42334E+17,"-0.1573,51.4793",batterseapark
21021617,9.42335E+17,"-0.2215,51.9606",running
297843894,9.42335E+17,"0.00404687,51.50225706",o2
241474719,9.42335E+17,"-0.11741223,51.50595847",Rekorgerlig
2717081598,9.42335E+17,"-0.2189214,51.4613927",soupoftheday
266230675,9.42335E+17,"-0.084,51.462",flaneur
21762842,9.42335E+17,"-0.193961,51.3614279",Hiring
282953839,9.42336E+17,,dream
351217066,9.42336E+17,,roomwithaview
836191008,9.42336E+17,"-0.08319,51.67082",instantfollowback
302461297,9.42346E+17,"-0.14786699,51.59080444",currentlyreading
4220652148,9.42346E+17,"-1.04659796,51.63196369",keepingactive
2752245001,9.42346E+17,"-0.1888,51.5543",fermentedfoods
23014709,9.42346E+17,"-0.15679798,51.51359331",bag
8.29356E+17,9.42346E+17,,fastfood
293698185,9.42346E+17,,Eredivisiedebut
289235063,9.42346E+17,"-0.01565666,51.48057904",actorlife
3261323925,9.42347E+17,,grooming
578212982,9.41378E+17,"-0.17525278,51.26550674",footjoy
18801001,9.41378E+17,"-0.1501085,51.51800227",lovemyjob
486884803,9.41378E+17,,Gershwin
7.24953E+17,9.41378E+17,,inspiration
2308090698,9.41378E+17,"-0.30265012,51.41023474",children
101043069,9.41378E+17,"-0.1842681,51.5106478",thistlekensingtongardens
332306794,9.41379E+17,"-0.597466,51.315705",relax
40177589,9.41379E+17,"-0.18230237,51.43530358",beautifuldestinations
146031631,9.41379E+17,"-0.12731805,51.50711486",Frost
1203570122,9.41379E+17,"-0.11741732,51.36006389",sellinghouses
155727115,9.41386E+17,,AladdinLondon
2912533259,9.41386E+17,,LasVegas
250069808,9.41387E+17,"0.26057257,51.36004344",teamluke
242900976,9.41387E+17,"-0.1433,51.541",station
2591769673,9.41387E+17,"-0.39032,51.656489",Jobs
125285131,9.41387E+17,,ss18
1266803563,9.41387E+17,"-0.1271,51.5063",ChewOnAFilmOrActor
8.80886E+17,9.41387E+17,"-0.12731805,51.50711486",cookies
14113643,9.41388E+17,"-0.14236315,51.49679078",westend
23294825,9.41388E+17,"-0.0833333,51.2667",sculpture
45649240,9.41389E+17,"-0.14054775,51.51460499",redcarpet
8.03967E+17,9.41389E+17,"-0.1017576,51.5736854",car
4026292697,9.41389E+17,"-0.08667134,51.50458232",tramonto
457704099,9.41389E+17,,gains
114897563,9.4139E+17,"-0.12731805,51.50711486",velvetbowtie
2600547031,9.4139E+17,"-0.1537,51.499",fashion
7.43542E+17,9.4139E+17,,brainteaser
8.59893E+17,9.4139E+17,"-0.12731805,51.50711486",followforfollow
1377792704,9.41393E+17,"-0.15420556,51.50971737",drinks
2599950504,9.41393E+17,,fabric
1479110305,9.41393E+17,"-0.12731805,51.50711486",cafe
14498276,9.41393E+17,"-0.16393661,51.50671243",xmas
51854389,9.41394E+17,"-0.30463912,51.41160902",astrodroid
2599950504,9.41394E+17,,fabric
2167109629,9.41394E+17,"-0.33923189,51.40409308",rides
2258598537,9.41395E+17,"-0.17808946,51.53224702",interiordesign
7.24953E+17,9.41395E+17,,inspiration
2626054637,9.41395E+17,"-0.17357111,51.60389187",geeks
8.29356E+17,9.41395E+17,,bowls
3354046342,9.41395E+17,"-0.3250075,51.4247671",everywhere
51678161,9.41396E+17,"-0.07532731,51.51552744",fiesta
882372372,9.41396E+17,"-0.072776,51.565399",propertytolet
127021129,9.41399E+17,"-0.1182,51.5172",resilience
68947115,9.41726E+17,"-0.12731805,51.50711486",weekend
1530194803,9.41726E+17,,nightout
8.19114E+17,9.41726E+17,"-0.5074,51.3902",runnymede
2411560652,9.41727E+17,,motherkellys
304511319,9.41746E+17,,galleryofwords
602571191,9.41746E+17,,TheLastJedi
31500596,9.41747E+17,"-0.13991274,51.51291081",regentst
1266803563,9.4175E+17,"-0.1271,51.5063",royalwedding
270470306,9.4175E+17,"-0.16354889,51.42335663",WhiteAndBlue
8.29356E+17,9.41803E+17,,maui
9.20345E+17,9.41803E+17,,illustration
237025317,9.41823E+17,"-0.12731805,51.50711486",naturalhair
327792143,9.41914E+17,,fuck
2209261433,9.41915E+17,"-0.05180955,51.55096523",eat17
1266803563,9.41916E+17,"-0.1271,51.5063",FridayFeeling
1233613236,9.42087E+17,"-0.0778615,51.5292965",shoreditch
1233613236,9.42087E+17,"-0.0778615,51.5292965",shoreditch
1233613236,9.42088E+17,"-0.0778615,51.5292965",shoreditch
47487601,9.42088E+17,"-0.41109,51.3294487",christmas
1233613236,9.42088E+17,"-0.0778615,51.5292965",shoreditch
7.42088E+17,9.42088E+17,,skills
1233613236,9.42088E+17,"-0.0778615,51.5292965",shoreditch
1233613236,9.42088E+17,"-0.0778615,51.5292965",shoreditch
1233613236,9.42088E+17,"-0.0778615,51.5292965",shoreditch
9.10769E+17,9.42089E+17,"-0.12731805,51.50711486",following
1250254080,9.42139E+17,"-0.1494,51.4578",privatechef
487906187,9.42139E+17,"-0.1101373,51.5335443",dinner
20458919,9.42139E+17,,saturday
3347467137,9.4214E+17,,jedi
402779974,9.4214E+17,"-0.0906061,51.4981067",borough
1064070716,9.4214E+17,,cool
21255461,9.42215E+17,"-0.12731805,51.50711486",frozen
33864806,9.42307E+17,"-0.12731805,51.50711486",begoodtoothers
32662315,9.42308E+17,"-0.28228865,51.55817605",Wembley
160596529,9.42314E+17,"0.0367,51.4977",photooftheday
3354046342,9.42314E+17,"-0.2995,51.4103",weather
18425008,9.42315E+17,"-0.10179047,51.50360391",Opera
17736336,9.42315E+17,,giftforhim
838319582,9.42333E+17,"-0.12731805,51.50711486",newyork
7.7132E+17,9.42333E+17,,crochet
2787974293,9.42333E+17,,london
236842111,9.42333E+17,,todays
393348562,9.42334E+17,,diamonds
70811520,9.42334E+17,"-0.10374167,51.53496111",willywonka
217563718,9.42334E+17,"-0.1573,51.4793",london
241474719,9.42335E+17,"-0.11741223,51.50595847",Beer
266230675,9.42335E+17,"-0.084,51.462",usk
21762842,9.42335E+17,"-0.193961,51.3614279",CareerArc
282953839,9.42336E+17,,dreamer
836191008,9.42336E+17,"-0.08319,51.67082",onelove
4220652148,9.42346E+17,"-1.04659796,51.63196369",letsdothisagain
23014709,9.42346E+17,"-0.15679798,51.51359331",purse
8.29356E+17,9.42346E+17,,pastaandsoups
3261323925,9.42347E+17,,skincare
